sector,stocks,ret_20d,ret_60d,money_flow_score,liquidity_score,sector_score
Hàng cá nhân & Gia dụng,60,-0.023861302295414562,0.01385365218008202,51.993833333333335,47.07786885245902,78.9
Tài nguyên Cơ bản,90,0.046539199817976475,0.015513302127266442,50.36877777777779,50.81693989071039,74.2
Viễn thông,8,0.005266765198494025,-0.021135742689633166,54.23,59.62090163934426,73.9
Du lịch và Giải trí,32,0.028240592094283323,0.016459082913968765,50.6584375,34.57479508196721,71.8
Dầu khí,12,-0.024401918837724763,-0.07661487680633625,55.79083333333333,76.64617486338797,68.2
Hàng & Dịch vụ Công nghiệp,186,0.0026908557865797287,-0.007698719630491904,50.737634408602155,40.35386920500617,67.6
"Điện, nước & xăng dầu khí đốt",117,-0.025353726327641924,-0.008924121207410936,50.197606837606834,42.51015832983046,61.1
Bán lẻ,20,0.016563394030374896,-0.01691914228430658,50.134,59.16803278688525,60.5
Hóa chất,60,-0.0029379116129950185,-0.01374412634887421,49.281666666666666,53.71994535519126,53.4
Bảo hiểm,13,-0.008301146170108924,-0.009116613268646235,46.184615384615384,55.28373266078184,51.3
Thực phẩm và đồ uống,121,-0.028334962448126413,-0.04151791475819433,49.846446280991735,50.8250914510229,50.8
Ngân hàng,28,-0.004813478964467598,-0.0642132753125377,37.64642857142858,90.19028103044498,40.8
Ô tô và phụ tùng,15,0.0021066993302160542,-0.0641848006364831,45.84666666666667,61.497267759562845,40.8
Xây dựng và Vật liệu,198,-0.045186687496616446,-0.10049619172472297,50.49429292929293,46.05936413313463,39.7
Truyền thông,27,-0.038425596846914455,-0.10128746344136372,51.217407407407414,41.111111111111114,39.7
Y tế,54,-0.04353613607887295,-0.07880699267804106,49.81,48.588342440801455,35.0
Bất động sản,106,-0.05479846680058034,-0.11115971189157008,49.28811320754717,61.74296319208166,34.5
Công nghệ Thông tin,26,-0.05384249636579116,-0.07313365497753112,48.50884615384616,41.37767969735183,30.0
Dịch vụ tài chính,46,-0.07758280473266159,-0.1541028307003153,47.671956521739126,74.46186742694226,27.6
