symbol,foreign_value_1d,foreign_value_10d,foreign_value_1m,foreign_value_3m,foreign_value_6m,foreign_volume_1d,foreign_volume_10d,proprietary_value_1d,proprietary_value_10d,proprietary_value_1m,proprietary_value_3m,proprietary_value_6m,proprietary_volume_1d,proprietary_volume_10d,foreign_flow_score,proprietary_flow_score,money_flow_score,refresh_timestamp,source
AAA,-535179000,-643254880,,,,-61000,-46550,-131000,-2900920,,,,-20,-424,,,,2026-10-07T16:17:42+07:00,VNSTOCK_SILVER
AAM,0,0,,,,0,0,0,0,,,,0,0,,,,2026-10-07T16:17:42+07:00,VNSTOCK_SILVER
AAN,0,0,,,,0,0,0,0,,,,0,0,,,,2026-10-07T16:17:42+07:00,VNSTOCK_SILVER
AAT,0,0,,,,0,0,0,0,,,,0,0,,,,2026-10-07T16:17:42+07:00,VNSTOCK_SILVER
ABR,0,-105000,,,,0,-10,0,0,,,,0,0,,,,2026-10-07T16:17:42+07:00,VNSTOCK_SILVER
ABS,0,0,,,,0,0,0,0,,,,0,0,,,,2026-10-07T16:17:42+07:00,VNSTOCK_SILVER
ABT,5000000,70520000,,,,300,1600,0,0,,,,0,0,,,,2026-10-07T16:17:42+07:00,VNSTOCK_SILVER
ACB,-5839230000,-406936622050,,,,-387200,-19347112,-3973160000,-12057780000,,,,-188800,-558700,,,,2026-10-07T16:17:42+07:00,VNSTOCK_SILVER
ACC,0,0,,,,0,0,0,0,,,,0,0,,,,2026-10-07T16:17:42+07:00,VNSTOCK_SILVER
ACG,0,3025000,,,,0,200,0,0,,,,0,0,,,,2026-10-07T16:17:42+07:00,VNSTOCK_SILVER
ACL,0,0,,,,0,0,0,0,,,,0,0,,,,2026-10-07T16:17:42+07:00,VNSTOCK_SILVER
ADG,0,0,,,,0,0,0,0,,,,0,0,,,,2026-10-07T16:17:42+07:00,VNSTOCK_SILVER
ADP,0,0,,,,0,0,0,0,,,,0,0,,,,2026-10-07T16:17:42+07:00,VNSTOCK_SILVER
ADS,0,0,,,,0,0,0,0,,,,0,0,,,,2026-10-07T16:17:42+07:00,VNSTOCK_SILVER
AFX,0,0,,,,0,0,0,0,,,,0,0,,,,2026-10-07T16:17:42+07:00,VNSTOCK_SILVER
AGG,0,138629000,,,,-8800,8240,0,0,,,,0,0,,,,2026-10-07T16:17:42+07:00,VNSTOCK_SILVER
AGR,-1160000,49765000,,,,-300,5500,0,0,,,,0,0,,,,2026-10-07T16:17:42+07:00,VNSTOCK_SILVER
ANT,0,18130000,,,,-1400,-400,0,0,,,,0,0,,,,2026-10-07T16:17:42+07:00,VNSTOCK_SILVER
ANV,-2856240000,-5708620000,,,,-161500,-297600,0,-1139220000,,,,0,-71200,,,,2026-10-07T16:17:42+07:00,VNSTOCK_SILVER
APG,-5044000,-3062000,,,,-1300,-400,0,-11150000,,,,0,-2500,,,,2026-10-07T16:17:42+07:00,VNSTOCK_SILVER
APH,170533000,604291000,,,,23100,87700,0,0,,,,0,0,,,,2026-10-07T16:17:42+07:00,VNSTOCK_SILVER
ASG,0,0,,,,0,0,0,0,,,,0,0,,,,2026-10-07T16:17:42+07:00,VNSTOCK_SILVER
ASM,0,78720680,,,,0,16533,0,0,,,,0,0,,,,2026-10-07T16:17:42+07:00,VNSTOCK_SILVER
ASP,7555000,6205000,,,,-100,-200,0,0,,,,0,0,,,,2026-10-07T16:17:42+07:00,VNSTOCK_SILVER
AST,0,295130000,,,,-100,3700,0,0,,,,0,0,,,,2026-10-07T16:17:42+07:00,VNSTOCK_SILVER
BAF,3953005000,-5514160000,,,,126500,-229200,9225000,-235365000,,,,300,-7400,,,,2026-10-07T16:17:42+07:00,VNSTOCK_SILVER
BCE,0,-36798750,,,,-100,-7888,0,-74200,,,,0,-14,,,,2026-10-07T16:17:42+07:00,VNSTOCK_SILVER
BCM,183760000,9403255000,,,,7400,241800,0,0,,,,0,0,,,,2026-10-07T16:17:42+07:00,VNSTOCK_SILVER
BFC,96150000,11522585000,,,,6600,227410,0,0,,,,0,0,,,,2026-10-07T16:17:42+07:00,VNSTOCK_SILVER
BHN,0,-1355000,,,,0,-550,0,0,,,,0,0,,,,2026-10-07T16:17:42+07:00,VNSTOCK_SILVER
BIC,830074750,839191700,,,,40899,41425,0,0,,,,0,0,,,,2026-10-07T16:17:42+07:00,VNSTOCK_SILVER
BID,-8831014200,-143389095500,,,,-258222,-4057110,25294930000,81728364000,,,,738800,2320231,,,,2026-10-07T16:17:42+07:00,VNSTOCK_SILVER
BKG,0,0,,,,0,0,0,0,,,,0,0,,,,2026-10-07T16:17:42+07:00,VNSTOCK_SILVER
BMC,0,-71750000,,,,0,-7000,0,0,,,,0,0,,,,2026-10-07T16:17:42+07:00,VNSTOCK_SILVER
BMI,0,-301789650,,,,0,-21620,0,0,,,,0,0,,,,2026-10-07T16:17:42+07:00,VNSTOCK_SILVER
BMP,-294552400,2979161100,,,,-1976,20164,241820000,-250730000,,,,1700,-1800,,,,2026-10-07T16:17:42+07:00,VNSTOCK_SILVER
BRC,0,0,,,,0,0,0,0,,,,0,0,,,,2026-10-07T16:17:42+07:00,VNSTOCK_SILVER
BSI,-433806000,-917972650,,,,-17540,-41760,0,0,,,,0,0,,,,2026-10-07T16:17:42+07:00,VNSTOCK_SILVER
BSR,37630725000,157194790750,,,,1167700,5106049,7318710000,32591148000,,,,240000,1043230,,,,2026-10-07T16:17:42+07:00,VNSTOCK_SILVER
BTP,-113119000,-468379000,,,,-16300,-65000,0,0,,,,0,0,,,,2026-10-07T16:17:42+07:00,VNSTOCK_SILVER
BTT,0,-4000000,,,,0,-100,0,0,,,,0,0,,,,2026-10-07T16:17:42+07:00,VNSTOCK_SILVER
BVB,0,-71665500,,,,0,-11490,0,0,,,,0,0,,,,2026-10-07T16:17:42+07:00,VNSTOCK_SILVER
BVH,13542025600,-142178945100,,,,179455,-2030460,0,108660000,,,,0,1400,,,,2026-10-07T16:17:42+07:00,VNSTOCK_SILVER
BWE,-20120000,-4996000000,,,,-700,-124400,0,0,,,,0,0,,,,2026-10-07T16:17:42+07:00,VNSTOCK_SILVER
CCC,0,0,,,,0,0,0,0,,,,0,0,,,,2026-10-07T16:17:42+07:00,VNSTOCK_SILVER
CCI,0,0,,,,0,0,0,0,,,,0,0,,,,2026-10-07T16:17:42+07:00,VNSTOCK_SILVER
CCL,0,0,,,,0,0,0,0,,,,0,0,,,,2026-10-07T16:17:42+07:00,VNSTOCK_SILVER
CDC,684415000,889455000,,,,33700,43900,0,0,,,,0,0,,,,2026-10-07T16:17:42+07:00,VNSTOCK_SILVER
CHP,0,0,,,,0,0,0,0,,,,0,0,,,,2026-10-07T16:17:42+07:00,VNSTOCK_SILVER
CIG,0,0,,,,0,0,0,0,,,,0,0,,,,2026-10-07T16:17:42+07:00,VNSTOCK_SILVER
CII,-4029653000,24824266900,,,,-394220,2062920,-1219485000,68162675000,,,,-99300,5134400,,,,2026-10-07T16:17:42+07:00,VNSTOCK_SILVER
CKG,0,-3872000,,,,0,-700,0,0,,,,0,0,,,,2026-10-07T16:17:42+07:00,VNSTOCK_SILVER
CLC,0,-21560000,,,,0,-400,0,0,,,,0,0,,,,2026-10-07T16:17:42+07:00,VNSTOCK_SILVER
CLL,0,-5420000,,,,0,-300,0,0,,,,0,0,,,,2026-10-07T16:17:42+07:00,VNSTOCK_SILVER
CLW,0,0,,,,0,0,0,0,,,,0,0,,,,2026-10-07T16:17:42+07:00,VNSTOCK_SILVER
CMG,-792810000,-3938847300,,,,-40100,-189841,0,-793385000,,,,0,-35400,,,,2026-10-07T16:17:42+07:00,VNSTOCK_SILVER
CMV,0,-3112000,,,,0,-400,0,0,,,,0,0,,,,2026-10-07T16:17:42+07:00,VNSTOCK_SILVER
CMX,0,-1591000,,,,0,-200,0,0,,,,0,0,,,,2026-10-07T16:17:42+07:00,VNSTOCK_SILVER
CNG,0,-4310000,,,,0,-400,0,0,,,,0,0,,,,2026-10-07T16:17:42+07:00,VNSTOCK_SILVER
COM,0,-11440000,,,,0,-400,0,0,,,,0,0,,,,2026-10-07T16:17:42+07:00,VNSTOCK_SILVER
CRC,-7940000,14354000,,,,-700,4900,0,0,,,,0,0,,,,2026-10-07T16:17:42+07:00,VNSTOCK_SILVER
CRE,-24168000,-248667000,,,,-4000,-41000,0,0,,,,0,0,,,,2026-10-07T16:17:42+07:00,VNSTOCK_SILVER
CRV,0,0,,,,0,0,0,0,,,,0,0,,,,2026-10-07T16:17:42+07:00,VNSTOCK_SILVER
CSM,-20170000,-353430000,,,,-1300,-27200,0,0,,,,0,0,,,,2026-10-07T16:17:42+07:00,VNSTOCK_SILVER
CSV,299735000,-714835000,,,,13000,-37800,0,0,,,,0,0,,,,2026-10-07T16:17:42+07:00,VNSTOCK_SILVER
CTD,4896040000,-1403685900,,,,83200,-26048,209820000,-641021800,,,,3600,-11100,,,,2026-10-07T16:17:42+07:00,VNSTOCK_SILVER
CTF,8820000,-1250400000,,,,1700,-67800,0,0,,,,0,0,,,,2026-10-07T16:17:42+07:00,VNSTOCK_SILVER
CTG,-12459091250,-286715082000,,,,-429780,-9577196,2762330000,4012830000,,,,95400,134600,,,,2026-10-07T16:17:42+07:00,VNSTOCK_SILVER
CTI,-102250000,-876416000,,,,-6400,-51330,0,0,,,,0,0,,,,2026-10-07T16:17:42+07:00,VNSTOCK_SILVER
CTR,-518510000,-12049494400,,,,-6150,-169764,-112620000,-2039820000,,,,-1600,-28320,,,,2026-10-07T16:17:42+07:00,VNSTOCK_SILVER
CTS,-1011570000,-1687045000,,,,-60300,-61600,0,0,,,,0,0,,,,2026-10-07T16:17:42+07:00,VNSTOCK_SILVER
CVT,0,0,,,,0,0,0,0,,,,0,0,,,,2026-10-07T16:17:42+07:00,VNSTOCK_SILVER
DAH,0,0,,,,0,0,0,0,,,,0,0,,,,2026-10-07T16:17:42+07:00,VNSTOCK_SILVER
DAT,0,0,,,,0,0,0,0,,,,0,0,,,,2026-10-07T16:17:42+07:00,VNSTOCK_SILVER
DBC,-39615000,1475474600,,,,-4400,99624,4560000,-1514860000,,,,300,-98500,,,,2026-10-07T16:17:42+07:00,VNSTOCK_SILVER
DBD,0,4718605000,,,,-100,100800,0,0,,,,0,0,,,,2026-10-07T16:17:42+07:00,VNSTOCK_SILVER
DBT,0,0,,,,0,0,0,0,,,,0,0,,,,2026-10-07T16:17:42+07:00,VNSTOCK_SILVER
DCL,0,-45400000,,,,0,-1000,0,-59555000,,,,0,0,,,,2026-10-07T16:17:42+07:00,VNSTOCK_SILVER
DCM,21006553000,185978261050,,,,618320,5482377,-129000000,-3383920000,,,,-4000,-100900,,,,2026-10-07T16:17:42+07:00,VNSTOCK_SILVER
DGC,-7931470000,-63084945000,,,,-239700,-1784800,0,-725070000,,,,0,-20100,,,,2026-10-07T16:17:42+07:00,VNSTOCK_SILVER
DGW,-978172000,158016525850,,,,-20390,3456324,0,451540000,,,,0,9800,,,,2026-10-07T16:17:42+07:00,VNSTOCK_SILVER
DHA,0,-576760000,,,,-300,-11300,0,0,,,,0,0,,,,2026-10-07T16:17:42+07:00,VNSTOCK_SILVER
DHC,-687618500,5820741600,,,,-15840,151560,0,610450000,,,,0,15500,,,,2026-10-07T16:17:42+07:00,VNSTOCK_SILVER
DHG,-71540000,164005900,,,,-1400,1220,0,0,,,,0,0,,,,2026-10-07T16:17:42+07:00,VNSTOCK_SILVER
DHM,0,0,,,,0,0,0,0,,,,0,0,,,,2026-10-07T16:17:42+07:00,VNSTOCK_SILVER
DIG,10823000,5839932060,,,,5400,692410,7008000,-44220000,,,,800,-4400,,,,2026-10-07T16:17:42+07:00,VNSTOCK_SILVER
DLG,0,-31937000,,,,-2800,-15900,0,0,,,,0,0,,,,2026-10-07T16:17:42+07:00,VNSTOCK_SILVER
DMC,0,-16960000,,,,0,-400,0,0,,,,0,0,,,,2026-10-07T16:17:42+07:00,VNSTOCK_SILVER
DMX,3919300000,47287116900,,,,51000,612749,-893200000,-29091260000,,,,-11600,-376200,,,,2026-10-07T16:17:42+07:00,VNSTOCK_SILVER
DPG,73285000,-1069770000,,,,3100,-40800,2570000,25816700,,,,100,973,,,,2026-10-07T16:17:42+07:00,VNSTOCK_SILVER
DPM,-2008285000,-28940963350,,,,-103400,-1298602,6315000,926182000,,,,300,43080,,,,2026-10-07T16:17:42+07:00,VNSTOCK_SILVER
DPR,5214235000,5828180500,,,,138800,155310,0,0,,,,0,0,,,,2026-10-07T16:17:42+07:00,VNSTOCK_SILVER
DQC,0,0,,,,0,0,0,0,,,,0,0,,,,2026-10-07T16:17:42+07:00,VNSTOCK_SILVER
DRC,0,0,,,,-3900,-3900,0,0,,,,0,0,,,,2026-10-07T16:17:42+07:00,VNSTOCK_SILVER
DRH,0,0,,,,0,0,0,0,,,,0,0,,,,2026-10-07T16:17:42+07:00,VNSTOCK_SILVER
DRL,0,0,,,,0,0,0,0,,,,0,0,,,,2026-10-07T16:17:42+07:00,VNSTOCK_SILVER
DSC,0,2624000,,,,0,300,0,0,,,,0,0,,,,2026-10-07T16:17:42+07:00,VNSTOCK_SILVER
DSE,84435000,-20003495600,,,,5300,-949525,0,332125000,,,,0,15300,,,,2026-10-07T16:17:42+07:00,VNSTOCK_SILVER
DSN,0,40935800,,,,800,1930,0,0,,,,0,0,,,,2026-10-07T16:17:42+07:00,VNSTOCK_SILVER
DTA,0,0,,,,0,0,0,0,,,,0,0,,,,2026-10-07T16:17:42+07:00,VNSTOCK_SILVER
DTL,0,0,,,,0,0,0,0,,,,0,0,,,,2026-10-07T16:17:42+07:00,VNSTOCK_SILVER
DTT,0,0,,,,0,0,0,0,,,,0,0,,,,2026-10-07T16:17:42+07:00,VNSTOCK_SILVER
DVP,0,82590000,,,,0,1000,0,0,,,,0,0,,,,2026-10-07T16:17:42+07:00,VNSTOCK_SILVER
DXG,2528178000,-36277125050,,,,249300,-3559874,2327561000,3377743400,,,,236800,340768,,,,2026-10-07T16:17:42+07:00,VNSTOCK_SILVER
DXS,118762000,2389125000,,,,25400,497300,-53640,-795790,,,,-12,-160,,,,2026-10-07T16:17:42+07:00,VNSTOCK_SILVER
DXV,0,0,,,,0,0,0,0,,,,0,0,,,,2026-10-07T16:17:42+07:00,VNSTOCK_SILVER
ECO,0,0,,,,0,0,0,0,,,,0,0,,,,2026-10-07T16:17:42+07:00,VNSTOCK_SILVER
EIB,-1945160000,-5902414100,,,,-117700,-369880,24450000,-321340345000,,,,1500,-18475200,,,,2026-10-07T16:17:42+07:00,VNSTOCK_SILVER
ELC,-29710000,5338343000,,,,-3400,389975,0,0,,,,0,0,,,,2026-10-07T16:17:42+07:00,VNSTOCK_SILVER
EVE,851000,364381000,,,,100,43100,0,0,,,,0,0,,,,2026-10-07T16:17:42+07:00,VNSTOCK_SILVER
EVF,170250000,6309478100,,,,23700,565578,9120000,45840000,,,,800,4000,,,,2026-10-07T16:17:42+07:00,VNSTOCK_SILVER
EVG,73106000,-105170000,,,,19800,-16400,0,0,,,,0,0,,,,2026-10-07T16:17:42+07:00,VNSTOCK_SILVER
FCM,0,0,,,,0,0,0,0,,,,0,0,,,,2026-10-07T16:17:42+07:00,VNSTOCK_SILVER
FCN,-101058000,-1168625000,,,,-12400,-108300,0,0,,,,0,0,,,,2026-10-07T16:17:42+07:00,VNSTOCK_SILVER
FDC,0,0,,,,0,0,0,0,,,,0,0,,,,2026-10-07T16:17:42+07:00,VNSTOCK_SILVER
FIR,0,0,,,,0,0,0,0,,,,0,0,,,,2026-10-07T16:17:42+07:00,VNSTOCK_SILVER
FIT,0,0,,,,0,0,0,0,,,,0,0,,,,2026-10-07T16:17:42+07:00,VNSTOCK_SILVER
FMC,-296700000,-246560000,,,,-8500,-5000,0,0,,,,0,0,,,,2026-10-07T16:17:42+07:00,VNSTOCK_SILVER
FPT,-64875269200,-142966386400,,,,-1106930,-2353330,31162870000,173743090000,,,,515000,2730100,,,,2026-10-07T16:17:42+07:00,VNSTOCK_SILVER
FRT,27655717000,215089874300,,,,185385,1483840,-2810350000,-81279061000,,,,-18900,-560270,,,,2026-10-07T16:17:42+07:00,VNSTOCK_SILVER
FTS,-1395021600,2405718800,,,,-90663,127782,0,68080000,,,,0,3600,,,,2026-10-07T16:17:42+07:00,VNSTOCK_SILVER
GAS,-170110000,38869352000,,,,-2900,473139,5130160000,37333077900,,,,65100,457773,,,,2026-10-07T16:17:42+07:00,VNSTOCK_SILVER
GDT,81640000,955275150,,,,6000,61606,0,-125200,,,,0,-8,,,,2026-10-07T16:17:42+07:00,VNSTOCK_SILVER
GEE,-19424440000,-45005763300,,,,-287200,-705210,6990000,-60801252000,,,,100,-916360,,,,2026-10-07T16:17:42+07:00,VNSTOCK_SILVER
GEG,0,-268390000,,,,700,-21600,0,-306248200,,,,0,-25034,,,,2026-10-07T16:17:42+07:00,VNSTOCK_SILVER
GEL,2428005000,19925410000,,,,92400,722900,-117260000,-1251890000,,,,-4100,-43800,,,,2026-10-07T16:17:42+07:00,VNSTOCK_SILVER
GEX,-21064985000,47220110300,,,,-939600,1894813,-2269615000,-33491017500,,,,-99100,-1366580,,,,2026-10-07T16:17:42+07:00,VNSTOCK_SILVER
GHC,-71855000,28680000,,,,-2800,1400,0,0,,,,0,0,,,,2026-10-07T16:17:42+07:00,VNSTOCK_SILVER
GIL,100182000,38759570,,,,13200,4933,0,0,,,,0,0,,,,2026-10-07T16:17:42+07:00,VNSTOCK_SILVER
GMD,-35973204200,82816230100,,,,-640474,879180,1397340000,-26385375100,,,,18000,-22860,,,,2026-10-07T16:17:42+07:00,VNSTOCK_SILVER
GMH,0,0,,,,0,0,0,0,,,,0,0,,,,2026-10-07T16:17:42+07:00,VNSTOCK_SILVER
GSP,0,0,,,,0,0,0,0,,,,0,0,,,,2026-10-07T16:17:42+07:00,VNSTOCK_SILVER
GTA,0,0,,,,0,0,0,0,,,,0,0,,,,2026-10-07T16:17:42+07:00,VNSTOCK_SILVER
GVR,0,-3372050000,,,,0,-101600,1073275000,18181980000,,,,33200,552600,,,,2026-10-07T16:17:42+07:00,VNSTOCK_SILVER
HAG,-1214465000,11859364750,,,,-90200,858953,9940000,866040000,,,,700,59900,,,,2026-10-07T16:17:42+07:00,VNSTOCK_SILVER
HAH,-35360459500,-161395545300,,,,-653932,-3098564,0,1082190000,,,,0,20900,,,,2026-10-07T16:17:42+07:00,VNSTOCK_SILVER
HAP,0,16169000,,,,0,2300,0,0,,,,0,0,,,,2026-10-07T16:17:42+07:00,VNSTOCK_SILVER
HAR,0,3600000,,,,0,1600,0,0,,,,0,0,,,,2026-10-07T16:17:42+07:00,VNSTOCK_SILVER
HAS,0,-36946000,,,,9000,4400,0,0,,,,0,0,,,,2026-10-07T16:17:42+07:00,VNSTOCK_SILVER
HAX,-2559000,708428000,,,,-800,81700,0,0,,,,0,0,,,,2026-10-07T16:17:42+07:00,VNSTOCK_SILVER
HCD,0,-609000,,,,0,-100,0,-402000,,,,0,-67,,,,2026-10-07T16:17:42+07:00,VNSTOCK_SILVER
HCM,-4919730000,-4313217500,,,,-220200,-136075,-989110000,-2306986300,,,,-43100,-96370,,,,2026-10-07T16:17:42+07:00,VNSTOCK_SILVER
HDB,-94876427600,-3218777250300,,,,-3420198,-117740984,13571043900,1508188746550,,,,488339,57104648,,,,2026-10-07T16:17:42+07:00,VNSTOCK_SILVER
HDC,-1008775000,1379340500,,,,-100500,156470,0,0,,,,0,0,,,,2026-10-07T16:17:42+07:00,VNSTOCK_SILVER
HDG,-89385000,2823640000,,,,-2600,199000,0,-288225000,,,,0,-18612,,,,2026-10-07T16:17:42+07:00,VNSTOCK_SILVER
HHP,-440545000,-2508927400,,,,-26200,-100838,0,13600000000,,,,0,800000,,,,2026-10-07T16:17:42+07:00,VNSTOCK_SILVER
HHS,-269072000,-528816000,,,,-30000,-48400,0,0,,,,0,0,,,,2026-10-07T16:17:42+07:00,VNSTOCK_SILVER
HHV,-5514664000,-909218750,,,,-627725,-157785,0,0,,,,0,0,,,,2026-10-07T16:17:42+07:00,VNSTOCK_SILVER
HID,126936000,11146000,,,,29600,4600,0,0,,,,0,0,,,,2026-10-07T16:17:42+07:00,VNSTOCK_SILVER
HII,-459508000,2807126150,,,,-52700,292178,0,0,,,,0,0,,,,2026-10-07T16:17:42+07:00,VNSTOCK_SILVER
HMC,0,-6360000,,,,0,-600,0,0,,,,0,0,,,,2026-10-07T16:17:42+07:00,VNSTOCK_SILVER
HNA,0,0,,,,0,0,0,0,,,,0,0,,,,2026-10-07T16:17:42+07:00,VNSTOCK_SILVER
HPA,84320000,-515270000,,,,2800,-25700,0,-378080000,,,,0,-13600,,,,2026-10-07T16:17:42+07:00,VNSTOCK_SILVER
HPG,-4393056000,-171302765300,,,,-260956,-8337095,22175540000,181259562250,,,,1092500,8805070,,,,2026-10-07T16:17:42+07:00,VNSTOCK_SILVER
HPX,0,47767000,,,,0,13300,0,0,,,,0,0,,,,2026-10-07T16:17:42+07:00,VNSTOCK_SILVER
HQC,-469821000,1312787000,,,,-247400,727500,0,0,,,,0,0,,,,2026-10-07T16:17:42+07:00,VNSTOCK_SILVER
HRC,0,0,,,,0,0,0,0,,,,0,0,,,,2026-10-07T16:17:42+07:00,VNSTOCK_SILVER
HSG,-183754000,-5749754840,,,,-21300,-585462,5924100,-1830184180,,,,597,-180086,,,,2026-10-07T16:17:42+07:00,VNSTOCK_SILVER
HSL,-23791000,73175000,,,,3200,13300,0,0,,,,0,0,,,,2026-10-07T16:17:42+07:00,VNSTOCK_SILVER
HTG,0,0,,,,0,0,0,0,,,,0,0,,,,2026-10-07T16:17:42+07:00,VNSTOCK_SILVER
HTI,0,-1668565000,,,,0,-91800,0,0,,,,0,0,,,,2026-10-07T16:17:42+07:00,VNSTOCK_SILVER
HTL,0,25640000,,,,0,1400,0,0,,,,0,0,,,,2026-10-07T16:17:42+07:00,VNSTOCK_SILVER
HTN,-36118000,712470100,,,,-8600,96326,0,0,,,,0,0,,,,2026-10-07T16:17:42+07:00,VNSTOCK_SILVER
HTV,0,0,,,,0,0,0,0,,,,0,0,,,,2026-10-07T16:17:42+07:00,VNSTOCK_SILVER
HUB,0,1060000,,,,0,100,0,0,,,,0,0,,,,2026-10-07T16:17:42+07:00,VNSTOCK_SILVER
HVH,-69010000,-225195000,,,,-11100,-25700,0,0,,,,0,0,,,,2026-10-07T16:17:42+07:00,VNSTOCK_SILVER
HVN,-345495000,4371517100,,,,-16900,188149,1600000000,1600000000,,,,80000,80000,,,,2026-10-07T16:17:42+07:00,VNSTOCK_SILVER
ICT,0,0,,,,0,0,0,0,,,,0,0,,,,2026-10-07T16:17:42+07:00,VNSTOCK_SILVER
IDI,0,0,,,,0,0,0,0,,,,0,0,,,,2026-10-07T16:17:42+07:00,VNSTOCK_SILVER
IJC,-10718000,2213899000,,,,-3600,357400,0,738500000,,,,0,110000,,,,2026-10-07T16:17:42+07:00,VNSTOCK_SILVER
ILB,0,-32270000,,,,200,-1500,0,0,,,,0,0,,,,2026-10-07T16:17:42+07:00,VNSTOCK_SILVER
IMP,-25295000,-803217650,,,,-1000,-22490,0,0,,,,0,0,,,,2026-10-07T16:17:42+07:00,VNSTOCK_SILVER
ITC,0,-26250000,,,,0,-3000,0,0,,,,0,0,,,,2026-10-07T16:17:42+07:00,VNSTOCK_SILVER
ITD,0,242020000,,,,0,22000,0,0,,,,0,0,,,,2026-10-07T16:17:42+07:00,VNSTOCK_SILVER
JVC,986000,61502000,,,,-2000,21600,0,0,,,,0,0,,,,2026-10-07T16:17:42+07:00,VNSTOCK_SILVER
KBC,-6419323000,-69545401650,,,,-267320,-2770515,14550000,-737615000,,,,600,-29100,,,,2026-10-07T16:17:42+07:00,VNSTOCK_SILVER
KDC,263160000,-2703403800,,,,5800,-51597,5070000,25360000,,,,100,500,,,,2026-10-07T16:17:42+07:00,VNSTOCK_SILVER
KDH,-9243548000,66792818150,,,,-672960,4323495,14759390000,22904183550,,,,1001000,1543340,,,,2026-10-07T16:17:42+07:00,VNSTOCK_SILVER
KHG,-18759000,-698501000,,,,-6400,-148600,0,0,,,,0,0,,,,2026-10-07T16:17:42+07:00,VNSTOCK_SILVER
KHP,0,-564000,,,,0,-360,0,0,,,,0,0,,,,2026-10-07T16:17:42+07:00,VNSTOCK_SILVER
KLB,-172280000,-1931418750,,,,-17000,-133654,0,0,,,,0,0,,,,2026-10-07T16:17:42+07:00,VNSTOCK_SILVER
KMR,0,0,,,,0,0,0,0,,,,0,0,,,,2026-10-07T16:17:42+07:00,VNSTOCK_SILVER
KOS,0,0,,,,0,0,0,-9091500000,,,,0,-435000,,,,2026-10-07T16:17:42+07:00,VNSTOCK_SILVER
KSB,7530000,42965000,,,,2600,8300,0,-1035500,,,,0,-81,,,,2026-10-07T16:17:42+07:00,VNSTOCK_SILVER
LAF,0,0,,,,0,0,0,0,,,,0,0,,,,2026-10-07T16:17:42+07:00,VNSTOCK_SILVER
LBM,-295995000,1739300000,,,,6200,77300,0,0,,,,0,0,,,,2026-10-07T16:17:42+07:00,VNSTOCK_SILVER
LCG,-216596000,1056602000,,,,-41700,157400,0,0,,,,0,0,,,,2026-10-07T16:17:42+07:00,VNSTOCK_SILVER
LDG,23755000,-181721000,,,,14300,-66800,0,0,,,,0,0,,,,2026-10-07T16:17:42+07:00,VNSTOCK_SILVER
LGC,0,0,,,,0,0,0,0,,,,0,0,,,,2026-10-07T16:17:42+07:00,VNSTOCK_SILVER
LGL,0,0,,,,0,0,0,0,,,,0,0,,,,2026-10-07T16:17:42+07:00,VNSTOCK_SILVER
LHG,-150495000,-300230000,,,,-5800,-11600,0,0,,,,0,0,,,,2026-10-07T16:17:42+07:00,VNSTOCK_SILVER
LIX,0,123125000,,,,0,5100,0,0,,,,0,0,,,,2026-10-07T16:17:42+07:00,VNSTOCK_SILVER
LPB,-2239860000,8015796850,,,,-61900,234446,24569130000,-190572260100,,,,561140,-3635330,,,,2026-10-07T16:17:42+07:00,VNSTOCK_SILVER
LPS,-1813055000,-1960925000,,,,-105200,-106100,0,0,,,,0,0,,,,2026-10-07T16:17:42+07:00,VNSTOCK_SILVER
LSS,0,0,,,,0,0,0,0,,,,0,0,,,,2026-10-07T16:17:42+07:00,VNSTOCK_SILVER
MBB,-15714826750,-5576486700,,,,-834327,-230291,-11880355000,-60006345000,,,,-621700,-3123800,,,,2026-10-07T16:17:42+07:00,VNSTOCK_SILVER
MCH,26936440000,2122219100,,,,213600,33159,-6270640000,-836420000,,,,-44800,-6100,,,,2026-10-07T16:17:42+07:00,VNSTOCK_SILVER
MCM,0,0,,,,0,0,0,0,,,,0,0,,,,2026-10-07T16:17:42+07:00,VNSTOCK_SILVER
MCP,0,0,,,,0,0,0,0,,,,0,0,,,,2026-10-07T16:17:42+07:00,VNSTOCK_SILVER
MDG,0,0,,,,0,0,0,0,,,,0,0,,,,2026-10-07T16:17:42+07:00,VNSTOCK_SILVER
MHC,0,-1400000,,,,0,-200,0,0,,,,0,0,,,,2026-10-07T16:17:42+07:00,VNSTOCK_SILVER
MIG,2415110000,3625886400,,,,148300,230501,0,0,,,,0,0,,,,2026-10-07T16:17:42+07:00,VNSTOCK_SILVER
MSB,-37238312500,-231693918750,,,,-2406050,-15439489,-11248085000,-104894975000,,,,-803300,-7495070,,,,2026-10-07T16:17:42+07:00,VNSTOCK_SILVER
MSH,-6765000,-5411940000,,,,0,-180100,0,26970000,,,,0,900,,,,2026-10-07T16:17:42+07:00,VNSTOCK_SILVER
MSN,44965385600,278771647700,,,,598047,3986478,7815570000,21759590000,,,,109500,312200,,,,2026-10-07T16:17:42+07:00,VNSTOCK_SILVER
MWG,-121700000,9399494400,,,,-4501,-20485,26865339500,-41072836700,,,,358610,-478357,,,,2026-10-07T16:17:42+07:00,VNSTOCK_SILVER
MZG,2855585000,3625940000,,,,235100,301400,0,0,,,,0,0,,,,2026-10-07T16:17:42+07:00,VNSTOCK_SILVER
NAB,-6910750000,-8843839500,,,,-539700,-698183,-25419395000,-117790590000,,,,-2118400,-9087500,,,,2026-10-07T16:17:42+07:00,VNSTOCK_SILVER
NAF,225285000,6524680000,,,,9200,137500,0,0,,,,0,0,,,,2026-10-07T16:17:42+07:00,VNSTOCK_SILVER
NAV,0,0,,,,0,0,0,0,,,,0,0,,,,2026-10-07T16:17:42+07:00,VNSTOCK_SILVER
NBB,0,-4790000,,,,0,-300,0,0,,,,0,0,,,,2026-10-07T16:17:42+07:00,VNSTOCK_SILVER
NCT,-608820000,-2316230000,,,,-8100,-29400,0,0,,,,0,0,,,,2026-10-07T16:17:42+07:00,VNSTOCK_SILVER
NHA,0,-55748000,,,,0,-7700,0,0,,,,0,0,,,,2026-10-07T16:17:42+07:00,VNSTOCK_SILVER
NHH,-2850000,-85799000,,,,-400,-8700,0,0,,,,0,0,,,,2026-10-07T16:17:42+07:00,VNSTOCK_SILVER
NHT,0,1160000,,,,0,0,0,0,,,,0,0,,,,2026-10-07T16:17:42+07:00,VNSTOCK_SILVER
NKG,-2074326000,-1541656270,,,,-221100,-156880,0,-12416690,,,,0,-1259,,,,2026-10-07T16:17:42+07:00,VNSTOCK_SILVER
NLG,4259235000,-65846023250,,,,197400,-2923906,595495000,-1010585000,,,,27600,-43500,,,,2026-10-07T16:17:42+07:00,VNSTOCK_SILVER
NNC,-125450000,-125450000,,,,-3700,-3700,0,0,,,,0,0,,,,2026-10-07T16:17:42+07:00,VNSTOCK_SILVER
NSC,0,-101680000,,,,0,-1640,0,0,,,,0,0,,,,2026-10-07T16:17:42+07:00,VNSTOCK_SILVER
NTC,0,0,,,,0,0,0,0,,,,0,0,,,,2026-10-07T16:17:42+07:00,VNSTOCK_SILVER
NTL,137295000,-16307580000,,,,8300,-1391600,0,20550000,,,,0,1800,,,,2026-10-07T16:17:42+07:00,VNSTOCK_SILVER
NVL,-5560705000,-132885246780,,,,-515600,-12867085,13195000,64208000,,,,1300,5540,,,,2026-10-07T16:17:42+07:00,VNSTOCK_SILVER
NVT,0,0,,,,0,0,0,0,,,,0,0,,,,2026-10-07T16:17:42+07:00,VNSTOCK_SILVER
OCB,-1136553000,-11290852000,,,,-114800,-1116600,73927100,-1608665280,,,,7397,-158707,,,,2026-10-07T16:17:42+07:00,VNSTOCK_SILVER
OGC,9225000,-69727000,,,,13200,-25100,0,0,,,,0,0,,,,2026-10-07T16:17:42+07:00,VNSTOCK_SILVER
OPC,0,-239915000,,,,0,-13056,0,0,,,,0,0,,,,2026-10-07T16:17:42+07:00,VNSTOCK_SILVER
ORS,-861640000,488185000,,,,-78100,29000,0,0,,,,0,0,,,,2026-10-07T16:17:42+07:00,VNSTOCK_SILVER
PAC,-19290000,-71490000,,,,-1500,-5100,0,-1263500000,,,,0,-90000,,,,2026-10-07T16:17:42+07:00,VNSTOCK_SILVER
PAN,-1452870000,-18413620000,,,,-77600,-991800,0,0,,,,0,0,,,,2026-10-07T16:17:42+07:00,VNSTOCK_SILVER
PDN,0,0,,,,0,0,0,0,,,,0,0,,,,2026-10-07T16:17:42+07:00,VNSTOCK_SILVER
PDR,-261325000,3533863350,,,,-34100,381858,7595000,44525000,,,,700,4000,,,,2026-10-07T16:17:42+07:00,VNSTOCK_SILVER
PDV,0,10694000,,,,0,1200,0,0,,,,0,0,,,,2026-10-07T16:17:42+07:00,VNSTOCK_SILVER
PET,0,-1637000,,,,0,-30,0,413455000,,,,0,9200,,,,2026-10-07T16:17:42+07:00,VNSTOCK_SILVER
PGC,-15000000,-86592600,,,,-1200,-7416,0,0,,,,0,0,,,,2026-10-07T16:17:42+07:00,VNSTOCK_SILVER
PGD,0,12997500,,,,-100,390,0,0,,,,0,0,,,,2026-10-07T16:17:42+07:00,VNSTOCK_SILVER
PGI,0,-98442500,,,,0,-4775,0,0,,,,0,0,,,,2026-10-07T16:17:42+07:00,VNSTOCK_SILVER
PGV,0,-12091800,,,,-100,-556,0,0,,,,0,0,,,,2026-10-07T16:17:42+07:00,VNSTOCK_SILVER
PHC,0,0,,,,0,0,0,-231160,,,,0,-66,,,,2026-10-07T16:17:42+07:00,VNSTOCK_SILVER
PHR,0,-3597660000,,,,-400,-112000,0,-3430000,,,,0,100,,,,2026-10-07T16:17:42+07:00,VNSTOCK_SILVER
PIT,0,0,,,,0,0,0,0,,,,0,0,,,,2026-10-07T16:17:42+07:00,VNSTOCK_SILVER
PJT,0,0,,,,0,0,0,0,,,,0,0,,,,2026-10-07T16:17:42+07:00,VNSTOCK_SILVER
PLP,1730000,17950000,,,,600,5400,0,0,,,,0,0,,,,2026-10-07T16:17:42+07:00,VNSTOCK_SILVER
PLX,2398925000,56964415000,,,,72400,1570100,0,8127730000,,,,0,228250,,,,2026-10-07T16:17:42+07:00,VNSTOCK_SILVER
PMG,0,-1120000,,,,0,-200,0,0,,,,0,0,,,,2026-10-07T16:17:42+07:00,VNSTOCK_SILVER
PNC,0,0,,,,0,0,0,0,,,,0,0,,,,2026-10-07T16:17:42+07:00,VNSTOCK_SILVER
PNJ,-392181566050,-2018631140550,,,,-21062031,-91345834,-3470300000,11912960000,,,,-172800,1207200,,,,2026-10-07T16:17:42+07:00,VNSTOCK_SILVER
POW,-1842875000,43337304400,,,,-146200,3398208,1871180000,-4655720000,,,,150700,-352200,,,,2026-10-07T16:17:42+07:00,VNSTOCK_SILVER
PPC,17081000,284146000,,,,3100,34500,0,0,,,,0,0,,,,2026-10-07T16:17:42+07:00,VNSTOCK_SILVER
PTB,41000000,-2800339200,,,,700,-105004,0,-95876250,,,,0,-3355,,,,2026-10-07T16:17:42+07:00,VNSTOCK_SILVER
PTC,0,0,,,,0,0,0,0,,,,0,0,,,,2026-10-07T16:17:42+07:00,VNSTOCK_SILVER
PTL,0,0,,,,0,0,0,0,,,,0,0,,,,2026-10-07T16:17:42+07:00,VNSTOCK_SILVER
PVD,-526195000,27301653400,,,,-20500,1488742,8775000,-666927150,,,,500,-37179,,,,2026-10-07T16:17:42+07:00,VNSTOCK_SILVER
PVP,7634700000,6757479000,,,,296100,242720,0,-544000000,,,,0,-25000,,,,2026-10-07T16:17:42+07:00,VNSTOCK_SILVER
PVT,-23417998300,-16342869450,,,,-1021335,-727584,0,-4059185000,,,,0,-176400,,,,2026-10-07T16:17:42+07:00,VNSTOCK_SILVER
QCG,30913000,42942000,,,,3500,3700,0,0,,,,0,0,,,,2026-10-07T16:17:42+07:00,VNSTOCK_SILVER
QNP,0,0,,,,0,0,0,0,,,,0,0,,,,2026-10-07T16:17:42+07:00,VNSTOCK_SILVER
RAL,0,-73420000,,,,0,-1000,0,-4752700,,,,0,-65,,,,2026-10-07T16:17:42+07:00,VNSTOCK_SILVER
REE,-393402500,6436900100,,,,-9018,137178,320415000,-1182490000,,,,7100,-24700,,,,2026-10-07T16:17:42+07:00,VNSTOCK_SILVER
RYG,0,0,,,,0,0,0,0,,,,0,0,,,,2026-10-07T16:17:42+07:00,VNSTOCK_SILVER
SAB,-232340000,-16739299600,,,,-7100,-394789,2302255000,18258965000,,,,54200,420100,,,,2026-10-07T16:17:42+07:00,VNSTOCK_SILVER
SAM,0,-50525000,,,,-100,-8260,0,25779555000,,,,0,4187017,,,,2026-10-07T16:17:42+07:00,VNSTOCK_SILVER
SAV,0,0,,,,0,0,0,0,,,,0,0,,,,2026-10-07T16:17:42+07:00,VNSTOCK_SILVER
SBA,0,0,,,,0,0,0,0,,,,0,0,,,,2026-10-07T16:17:42+07:00,VNSTOCK_SILVER
SBG,558495000,4374705000,,,,53800,325800,0,0,,,,0,0,,,,2026-10-07T16:17:42+07:00,VNSTOCK_SILVER
SBT,-707246800,414972524500,,,,-29881,19642126,13730000,67880000,,,,600,3000,,,,2026-10-07T16:17:42+07:00,VNSTOCK_SILVER
SBV,0,0,,,,0,0,0,0,,,,0,0,,,,2026-10-07T16:17:42+07:00,VNSTOCK_SILVER
SCR,-702265000,2286568000,,,,-199200,579200,0,0,,,,0,0,,,,2026-10-07T16:17:42+07:00,VNSTOCK_SILVER
SCS,99980000,-914707000,,,,2300,-20380,0,42610000,,,,0,900,,,,2026-10-07T16:17:42+07:00,VNSTOCK_SILVER
SFC,0,0,,,,0,0,0,0,,,,0,0,,,,2026-10-07T16:17:42+07:00,VNSTOCK_SILVER
SFG,0,0,,,,0,0,0,0,,,,0,0,,,,2026-10-07T16:17:42+07:00,VNSTOCK_SILVER
SFI,0,0,,,,0,0,0,0,,,,0,0,,,,2026-10-07T16:17:42+07:00,VNSTOCK_SILVER
SGN,0,0,,,,0,0,0,0,,,,0,0,,,,2026-10-07T16:17:42+07:00,VNSTOCK_SILVER
SGR,0,-56615000,,,,200,-5900,0,0,,,,0,0,,,,2026-10-07T16:17:42+07:00,VNSTOCK_SILVER
SGT,0,0,,,,0,0,0,0,,,,0,0,,,,2026-10-07T16:17:42+07:00,VNSTOCK_SILVER
SHA,0,0,,,,0,0,0,0,,,,0,0,,,,2026-10-07T16:17:42+07:00,VNSTOCK_SILVER
SHB,-14813665500,25413818450,,,,-1373194,2408483,75024100,9094495900,,,,17397,776180,,,,2026-10-07T16:17:42+07:00,VNSTOCK_SILVER
SHI,0,-674905000,,,,0,-48900,0,0,,,,0,0,,,,2026-10-07T16:17:42+07:00,VNSTOCK_SILVER
SHP,0,-24860000,,,,0,-1000,0,0,,,,0,0,,,,2026-10-07T16:17:42+07:00,VNSTOCK_SILVER
SIP,-24075000,-6154353700,,,,-300,-126324,4845000,24945000,,,,100,500,,,,2026-10-07T16:17:42+07:00,VNSTOCK_SILVER
SJD,-439335000,-2311420000,,,,-32800,-167200,0,0,,,,0,0,,,,2026-10-07T16:17:42+07:00,VNSTOCK_SILVER
SJS,0,-195985700,,,,0,-3799,0,0,,,,0,0,,,,2026-10-07T16:17:42+07:00,VNSTOCK_SILVER
SKG,13140000,839319000,,,,13600,127300,0,0,,,,0,0,,,,2026-10-07T16:17:42+07:00,VNSTOCK_SILVER
SMA,0,0,,,,0,0,0,0,,,,0,0,,,,2026-10-07T16:17:42+07:00,VNSTOCK_SILVER
SMB,0,201172800,,,,0,4970,0,0,,,,0,0,,,,2026-10-07T16:17:42+07:00,VNSTOCK_SILVER
SMC,0,11972000,,,,0,1300,0,0,,,,0,0,,,,2026-10-07T16:17:42+07:00,VNSTOCK_SILVER
SPM,0,0,,,,0,0,0,0,,,,0,0,,,,2026-10-07T16:17:42+07:00,VNSTOCK_SILVER
SRC,0,0,,,,0,0,0,0,,,,0,0,,,,2026-10-07T16:17:42+07:00,VNSTOCK_SILVER
SRF,0,-800000,,,,0,-100,0,0,,,,0,0,,,,2026-10-07T16:17:42+07:00,VNSTOCK_SILVER
SSB,6067710000,27664164250,,,,337600,1448604,689958300,6062180400,,,,40584,309023,,,,2026-10-07T16:17:42+07:00,VNSTOCK_SILVER
SSC,0,-25511250,,,,0,-1301,0,0,,,,0,0,,,,2026-10-07T16:17:42+07:00,VNSTOCK_SILVER
SSI,13857591300,-8963616500,,,,708752,-453089,-30452383300,7720325400,,,,-1575701,316974,,,,2026-10-07T16:17:42+07:00,VNSTOCK_SILVER
STB,1833694000,-89872831100,,,,40980,-1251568,16004510000,97049076500,,,,234700,1330660,,,,2026-10-07T16:17:42+07:00,VNSTOCK_SILVER
STG,0,0,,,,0,0,0,0,,,,0,0,,,,2026-10-07T16:17:42+07:00,VNSTOCK_SILVER
STK,0,-37036750,,,,0,-4977,0,0,,,,0,0,,,,2026-10-07T16:17:42+07:00,VNSTOCK_SILVER
SVC,0,0,,,,0,0,0,0,,,,0,0,,,,2026-10-07T16:17:42+07:00,VNSTOCK_SILVER
SVD,0,0,,,,0,0,0,0,,,,0,0,,,,2026-10-07T16:17:42+07:00,VNSTOCK_SILVER
SVT,0,0,,,,0,0,0,0,,,,0,0,,,,2026-10-07T16:17:42+07:00,VNSTOCK_SILVER
SZC,-58955000,773324300,,,,-5700,41626,0,-45944150,,,,0,-2484,,,,2026-10-07T16:17:42+07:00,VNSTOCK_SILVER
SZL,0,0,,,,0,0,0,0,,,,0,0,,,,2026-10-07T16:17:42+07:00,VNSTOCK_SILVER
TAL,111490000,-2087051150,,,,5100,-91270,0,-1721900000,,,,0,-70700,,,,2026-10-07T16:17:42+07:00,VNSTOCK_SILVER
TBC,-6465000,-677960000,,,,-700,-21800,0,0,,,,0,0,,,,2026-10-07T16:17:42+07:00,VNSTOCK_SILVER
TCB,-110292650000,-957199212050,,,,-3490995,-29576681,-15798115000,-609845845000,,,,-472300,-18539100,,,,2026-10-07T16:17:42+07:00,VNSTOCK_SILVER
TCH,-6492285000,-13772281400,,,,-594900,-1329842,6360000,-519385000,,,,600,-47000,,,,2026-10-07T16:17:42+07:00,VNSTOCK_SILVER
TCI,0,41272000,,,,0,4100,0,0,,,,0,0,,,,2026-10-07T16:17:42+07:00,VNSTOCK_SILVER
TCL,0,-9440000,,,,0,-300,0,0,,,,0,0,,,,2026-10-07T16:17:42+07:00,VNSTOCK_SILVER
TCM,640625000,745256500,,,,42700,48303,0,0,,,,0,0,,,,2026-10-07T16:17:42+07:00,VNSTOCK_SILVER
TCO,-7510000,287900000,,,,-1600,26000,0,0,,,,0,0,,,,2026-10-07T16:17:42+07:00,VNSTOCK_SILVER
TCR,0,-2200,,,,0,-1,0,0,,,,0,0,,,,2026-10-07T16:17:42+07:00,VNSTOCK_SILVER
TCT,0,0,,,,0,0,0,0,,,,0,0,,,,2026-10-07T16:17:42+07:00,VNSTOCK_SILVER
TCX,-32594745000,-151602241350,,,,-1201160,-5237549,1567230000,-7262520000,,,,57600,-201500,,,,2026-10-07T16:17:42+07:00,VNSTOCK_SILVER
TDC,0,-267000,,,,0,-300,0,-270490,,,,0,-40,,,,2026-10-07T16:17:42+07:00,VNSTOCK_SILVER
TDG,0,0,,,,0,0,0,0,,,,0,0,,,,2026-10-07T16:17:42+07:00,VNSTOCK_SILVER
TDH,2810000,11333000,,,,2000,4700,0,0,,,,0,0,,,,2026-10-07T16:17:42+07:00,VNSTOCK_SILVER
TDM,0,0,,,,0,0,0,0,,,,0,0,,,,2026-10-07T16:17:42+07:00,VNSTOCK_SILVER
TDP,179810000,-2129140000,,,,6800,-77400,0,0,,,,0,0,,,,2026-10-07T16:17:42+07:00,VNSTOCK_SILVER
TDW,0,0,,,,0,0,0,0,,,,0,0,,,,2026-10-07T16:17:42+07:00,VNSTOCK_SILVER
TEG,5988000,9468000,,,,1900,2500,0,0,,,,0,0,,,,2026-10-07T16:17:42+07:00,VNSTOCK_SILVER
THG,0,126306400,,,,0,4494,0,0,,,,0,0,,,,2026-10-07T16:17:42+07:00,VNSTOCK_SILVER
TIP,0,-6400000,,,,0,-400,0,0,,,,0,0,,,,2026-10-07T16:17:42+07:00,VNSTOCK_SILVER
TIX,0,0,,,,0,0,0,0,,,,0,0,,,,2026-10-07T16:17:42+07:00,VNSTOCK_SILVER
TLD,0,0,,,,0,0,0,0,,,,0,0,,,,2026-10-07T16:17:42+07:00,VNSTOCK_SILVER
TLG,-1908160000,-4563412600,,,,-34800,-75720,0,48410000,,,,0,900,,,,2026-10-07T16:17:42+07:00,VNSTOCK_SILVER
TLH,0,1424000,,,,0,400,0,0,,,,0,0,,,,2026-10-07T16:17:42+07:00,VNSTOCK_SILVER
TMP,0,-46317400,,,,0,-940,0,0,,,,0,0,,,,2026-10-07T16:17:42+07:00,VNSTOCK_SILVER
TMS,0,-6560000,,,,0,-400,0,0,,,,0,0,,,,2026-10-07T16:17:42+07:00,VNSTOCK_SILVER
TMT,0,-107775000,,,,0,-9900,0,0,,,,0,0,,,,2026-10-07T16:17:42+07:00,VNSTOCK_SILVER
TNC,0,0,,,,0,0,0,0,,,,0,0,,,,2026-10-07T16:17:42+07:00,VNSTOCK_SILVER
TNH,0,-1550970570,,,,0,-253310,0,0,,,,0,0,,,,2026-10-07T16:17:42+07:00,VNSTOCK_SILVER
TNI,-7349000,-377839000,,,,-3200,-77800,0,0,,,,0,0,,,,2026-10-07T16:17:42+07:00,VNSTOCK_SILVER
TNT,0,0,,,,100,0,0,0,,,,0,0,,,,2026-10-07T16:17:42+07:00,VNSTOCK_SILVER
TPB,-6284415000,-29496381800,,,,-534400,-3069223,-151895000,-2867459800,,,,-13300,-207503,,,,2026-10-07T16:17:42+07:00,VNSTOCK_SILVER
TPC,0,0,,,,0,0,0,0,,,,0,0,,,,2026-10-07T16:17:42+07:00,VNSTOCK_SILVER
TRA,0,-67016000,,,,0,-1810,0,0,,,,0,0,,,,2026-10-07T16:17:42+07:00,VNSTOCK_SILVER
TRC,0,-4600000,,,,0,-200,0,0,,,,0,0,,,,2026-10-07T16:17:42+07:00,VNSTOCK_SILVER
TSA,-3705000,-68670000,,,,-500,-5500,0,0,,,,0,0,,,,2026-10-07T16:17:42+07:00,VNSTOCK_SILVER
TSC,0,-314311420,,,,0,-172344,0,0,,,,0,0,,,,2026-10-07T16:17:42+07:00,VNSTOCK_SILVER
TTA,0,0,,,,0,0,0,0,,,,0,0,,,,2026-10-07T16:17:42+07:00,VNSTOCK_SILVER
TTE,0,0,,,,0,0,0,0,,,,0,0,,,,2026-10-07T16:17:42+07:00,VNSTOCK_SILVER
TTF,-46855000,-378404000,,,,-41400,-228900,0,0,,,,0,0,,,,2026-10-07T16:17:42+07:00,VNSTOCK_SILVER
TVB,0,-2645000,,,,-3400,-3800,0,-1260000,,,,0,-200,,,,2026-10-07T16:17:42+07:00,VNSTOCK_SILVER
TVS,-127240000,-3764649850,,,,-9800,-265955,0,0,,,,0,0,,,,2026-10-07T16:17:42+07:00,VNSTOCK_SILVER
TVT,0,0,,,,0,0,0,0,,,,0,0,,,,2026-10-07T16:17:42+07:00,VNSTOCK_SILVER
TYA,0,-7758000,,,,800,320,0,0,,,,0,0,,,,2026-10-07T16:17:42+07:00,VNSTOCK_SILVER
UIC,0,0,,,,0,0,0,0,,,,0,0,,,,2026-10-07T16:17:42+07:00,VNSTOCK_SILVER
VAB,-421586000,-1610547000,,,,-47200,-170900,0,0,,,,0,0,,,,2026-10-07T16:17:42+07:00,VNSTOCK_SILVER
VBB,0,-915493000,,,,0,-70220,26682000000,26682000000,,,,1778800,1778800,,,,2026-10-07T16:17:42+07:00,VNSTOCK_SILVER
VCA,0,0,,,,0,0,0,0,,,,0,0,,,,2026-10-07T16:17:42+07:00,VNSTOCK_SILVER
VCB,-6560776500,-192935427100,,,,-122005,-3350306,30153410000,-24564325500,,,,532600,-343260,,,,2026-10-07T16:17:42+07:00,VNSTOCK_SILVER
VCF,0,0,,,,100,100,0,0,,,,0,0,,,,2026-10-07T16:17:42+07:00,VNSTOCK_SILVER
VCG,212135000,10874513500,,,,23300,803279,5320000,1411109000,,,,400,101230,,,,2026-10-07T16:17:42+07:00,VNSTOCK_SILVER
VCI,-18168520000,-46727549350,,,,-1005700,-2464669,14680000,21294770000,,,,800,1074400,,,,2026-10-07T16:17:42+07:00,VNSTOCK_SILVER
VCK,-2440790000,-23323488900,,,,-93700,-895719,15990000,-5626970000,,,,600,-197600,,,,2026-10-07T16:17:42+07:00,VNSTOCK_SILVER
VDP,0,-4755000,,,,0,-150,0,325590000,,,,0,8700,,,,2026-10-07T16:17:42+07:00,VNSTOCK_SILVER
VDS,-55624000,690818000,,,,-18700,60800,0,0,,,,0,0,,,,2026-10-07T16:17:42+07:00,VNSTOCK_SILVER
VFG,0,162900,,,,0,1,0,0,,,,0,0,,,,2026-10-07T16:17:42+07:00,VNSTOCK_SILVER
VGC,904470000,-2060871250,,,,26100,-34195,3140425000,144334030000,,,,71400,3349200,,,,2026-10-07T16:17:42+07:00,VNSTOCK_SILVER
VHC,-409590000,-21528233900,,,,-6800,-417209,0,0,,,,0,0,,,,2026-10-07T16:17:42+07:00,VNSTOCK_SILVER
VHM,-27991279900,-891853258500,,,,-475732,-13150174,13312450000,410638000,,,,195800,-5920,,,,2026-10-07T16:17:42+07:00,VNSTOCK_SILVER
VIB,32239082500,95576311400,,,,2376550,7098392,3100755000,5407883650,,,,230600,394763,,,,2026-10-07T16:17:42+07:00,VNSTOCK_SILVER
VIC,-4801771100,-500702686500,,,,-31162,-2236989,36612370000,20583939800,,,,156100,96950,,,,2026-10-07T16:17:42+07:00,VNSTOCK_SILVER
VID,0,6610000,,,,0,1500,0,0,,,,0,0,,,,2026-10-07T16:17:42+07:00,VNSTOCK_SILVER
VIP,0,-50505000,,,,0,-5200,0,0,,,,0,0,,,,2026-10-07T16:17:42+07:00,VNSTOCK_SILVER
VIX,-42707830000,-38551597600,,,,-3661550,-3181692,-5952300000,-5894249000,,,,-515200,-508190,,,,2026-10-07T16:17:42+07:00,VNSTOCK_SILVER
VJC,7000050000,-772441251900,,,,44600,-6339370,6474480000,32391184800,,,,50700,245100,,,,2026-10-07T16:17:42+07:00,VNSTOCK_SILVER
VMD,0,0,,,,0,0,0,0,,,,0,0,,,,2026-10-07T16:17:42+07:00,VNSTOCK_SILVER
VND,-7591090000,16485496800,,,,-683100,1284072,14410000,-99535000,,,,1100,-6200,,,,2026-10-07T16:17:42+07:00,VNSTOCK_SILVER
VNG,0,-1080000,,,,0,-600,0,0,,,,0,0,,,,2026-10-07T16:17:42+07:00,VNSTOCK_SILVER
VNL,0,24860000,,,,0,1300,0,0,,,,0,0,,,,2026-10-07T16:17:42+07:00,VNSTOCK_SILVER
VNM,-4499938600,-107206458800,,,,-82473,-1840326,8852420000,33665179100,,,,153200,553030,,,,2026-10-07T16:17:42+07:00,VNSTOCK_SILVER
VNS,0,2606000,,,,0,300,0,0,,,,0,0,,,,2026-10-07T16:17:42+07:00,VNSTOCK_SILVER
VOS,1407310000,2028760000,,,,139700,203200,0,0,,,,0,0,,,,2026-10-07T16:17:42+07:00,VNSTOCK_SILVER
VPB,-16321572000,-740961870800,,,,-718304,-32473606,80685165000,1689032379650,,,,3518400,72006369,,,,2026-10-07T16:17:42+07:00,VNSTOCK_SILVER
VPD,0,12180000,,,,0,600,0,0,,,,0,0,,,,2026-10-07T16:17:42+07:00,VNSTOCK_SILVER
VPG,0,0,,,,0,0,0,0,,,,0,0,,,,2026-10-07T16:17:42+07:00,VNSTOCK_SILVER
VPH,0,0,,,,0,0,0,0,,,,0,0,,,,2026-10-07T16:17:42+07:00,VNSTOCK_SILVER
VPI,2408190000,51301433500,,,,69700,887552,11380000,-888445200,,,,200,-15310,,,,2026-10-07T16:17:42+07:00,VNSTOCK_SILVER
VPL,3596970000,94436560400,,,,40400,1183691,1249410000,2330970000,,,,15900,29600,,,,2026-10-07T16:17:42+07:00,VNSTOCK_SILVER
VPS,0,0,,,,0,0,0,0,,,,0,0,,,,2026-10-07T16:17:42+07:00,VNSTOCK_SILVER
VPX,-154015000,-29107198100,,,,-11200,-1191788,9140000,35951655000,,,,400,1406100,,,,2026-10-07T16:17:42+07:00,VNSTOCK_SILVER
VRC,0,0,,,,0,0,0,0,,,,0,0,,,,2026-10-07T16:17:42+07:00,VNSTOCK_SILVER
VRE,-16068885000,-53569248000,,,,-693700,-2237405,4082605000,15895770000,,,,177300,655700,,,,2026-10-07T16:17:42+07:00,VNSTOCK_SILVER
VSC,3088975000,13119441950,,,,232100,1017512,0,389000000,,,,0,30000,,,,2026-10-07T16:17:42+07:00,VNSTOCK_SILVER
VSH,0,-21533400,,,,-100,-629,0,0,,,,0,0,,,,2026-10-07T16:17:42+07:00,VNSTOCK_SILVER
VSI,0,0,,,,0,0,0,0,,,,0,0,,,,2026-10-07T16:17:42+07:00,VNSTOCK_SILVER
VTB,0,0,,,,0,0,0,0,,,,0,0,,,,2026-10-07T16:17:42+07:00,VNSTOCK_SILVER
VTO,0,-2245000,,,,0,-200,-177000000,-6120930000,,,,-15000,-521400,,,,2026-10-07T16:17:42+07:00,VNSTOCK_SILVER
VTP,82280150,16444872950,,,,3650,314274,-621480000,-28661710400,,,,-12400,-547158,,,,2026-10-07T16:17:42+07:00,VNSTOCK_SILVER
VVS,722120000,-2106950000,,,,9200,-21100,0,0,,,,0,0,,,,2026-10-07T16:17:42+07:00,VNSTOCK_SILVER
YBM,0,0,,,,0,0,0,0,,,,0,0,,,,2026-10-07T16:17:42+07:00,VNSTOCK_SILVER
YEG,-11686000,-294307000,,,,-5900,-38412,0,0,,,,0,0,,,,2026-10-07T16:17:42+07:00,VNSTOCK_SILVER
