symbol,close,ret_20d,ret_60d,ret_120d,ret_250d,volatility,adtv_20d,price_date,foreign_flow_score,proprietary_flow_score,money_flow_score,pe,pb,roe,sector,liquidity_score,revenue_growth,profit_growth,data_timestamp,refresh_timestamp,source
YEG,7.68,0.06666666666666665,-0.11926605504587162,-0.2179226069246436,-0.40046838407494145,0.3539680700520934,6622259.05,2026-10-07,,,,38.0963398085,0.7066743757,0.0186721241,Unknown,65.83333333333333,,,2026-10-07,2026-10-07T16:17:42+07:00,VNSTOCK_SILVER
AAA,7.2,-0.020408163265306034,0.03597122302158273,0.05882352941176472,-0.07810499359795131,0.2657055912358873,16307743.3,2026-10-07,,,,5.0567970058,0.4934838756,0.098690527,Unknown,75.83333333333333,,,2026-10-07,2026-10-07T16:17:42+07:00,VNSTOCK_SILVER
AAM,7.8,0.046979865771812124,0.2420382165605095,0.31092436974789917,0.16591928251121058,0.35597968069473485,44845.1,2026-10-07,,,,15.2448856817,0.397282837,0.0265145039,Unknown,20.833333333333336,,,2026-10-07,2026-10-07T16:17:42+07:00,VNSTOCK_SILVER
AAN,15.4,-0.015974440894568676,-0.009646302250803873,0.20500782472613466,0.20500782472613466,0.18704978446344947,3947337.0,2026-10-07,,,,27.3569913696,1.4713664804,0.0623556606,Unknown,62.5,,,2026-10-07,2026-10-07T16:17:42+07:00,VNSTOCK_SILVER
AAT,1.8,-0.18181818181818188,-0.34065934065934067,-0.3877551020408163,-0.525065963060686,0.28007848909691074,43919.25,2026-10-07,,,,18.8133793818,0.176452262,0.0093585672,Unknown,20.0,,,2026-10-07,2026-10-07T16:17:42+07:00,VNSTOCK_SILVER
ABR,10.35,-0.07174887892376691,-0.09527972027972031,-0.10929432013769358,-0.06419529837251359,0.5399223004328502,16074.25,2026-10-07,,,,13.4118301333,0.9481982931,0.0651499784,Unknown,9.166666666666666,,,2026-10-07,2026-10-07T16:17:42+07:00,VNSTOCK_SILVER
VPG,1.27,-0.2616279069767442,-0.365,-0.6586021505376345,-0.8488095238095238,0.5026295083619641,425552.0,2026-10-07,,,,-0.1557062398,0.1252989674,-0.6906878454,Unknown,42.5,,,2026-10-07,2026-10-07T16:17:42+07:00,VNSTOCK_SILVER
VPD,20.9,-0.0071258907363421775,-0.02336448598130836,-0.03151065801668207,-0.09991386735572783,0.20417038880940558,158619.5,2026-10-07,,,,8.4077786876,1.5337671562,0.1673588251,Unknown,34.166666666666664,,,2026-10-07,2026-10-07T16:17:42+07:00,VNSTOCK_SILVER
VPB,23.4,0.07685227795674177,0.10481586402266285,0.09807602064758325,0.017833840800348,0.2727057806027689,497766715.45,2026-10-07,,,,7.7810801151,1.3010363472,0.1661884394,Unknown,99.16666666666667,,,2026-10-07,2026-10-07T16:17:42+07:00,VNSTOCK_SILVER
VOS,12.3,0.20470127326150833,0.1131221719457014,0.031014249790444426,-0.01125401929260439,0.38195348773779086,15029143.05,2026-10-07,,,,4.0867421602,0.803108922,0.1935987445,Unknown,74.16666666666667,,,2026-10-07,2026-10-07T16:17:42+07:00,VNSTOCK_SILVER
VNS,6.5,0.036682615629984205,-0.16985951468710092,-0.21497584541062797,-0.33127572016460904,0.252074639281201,49978.4,2026-10-07,,,,392.6529096757,0.3989718534,0.0010064673,Unknown,22.5,,,2026-10-07,2026-10-07T16:17:42+07:00,VNSTOCK_SILVER
VNM,58.0,-0.05383360522022829,0.02473498233215543,-0.03478116159094702,0.02130656805775666,0.24508005246566875,146723654.5,2026-10-07,,,,11.1333282096,3.830031304,0.3385765465,Unknown,95.0,,,2026-10-07,2026-10-07T16:17:42+07:00,VNSTOCK_SILVER
VNL,18.65,-0.007978723404255428,-0.002673796791443861,-0.05808080808080818,-0.078101828966881,0.14665401449076362,334851.0,2026-10-07,,,,4.8690521382,0.7950023343,0.166742793,Unknown,40.833333333333336,,,2026-10-07,2026-10-07T16:17:42+07:00,VNSTOCK_SILVER
VNG,5.04,-0.11578947368421055,-0.18709677419354842,-0.28,-0.35051546391752575,0.6757395266803152,9555.3,2026-10-07,,,,8.1816684362,0.4557743325,0.055316949,Unknown,5.0,,,2026-10-07,2026-10-07T16:17:42+07:00,VNSTOCK_SILVER
VND,13.6,-0.14195583596214512,-0.24444444444444446,-0.16971916971916967,-0.3638914873713751,0.3919702455262381,148507262.0,2026-10-07,,,,7.811922384,0.9837500501,0.1279961473,Unknown,95.83333333333334,,,2026-10-07,2026-10-07T16:17:42+07:00,VNSTOCK_SILVER
VMD,14.0,0.03703703703703698,-0.020979020979021046,-0.12225705329153602,-0.17404129793510326,0.3415924270674722,9835.0,2026-10-07,,,,5.1028940285,0.5771973231,0.119032306,Unknown,5.833333333333333,,,2026-10-07,2026-10-07T16:17:42+07:00,VNSTOCK_SILVER
VJC,128.0,0.02400000000000002,-0.07246376811594202,-0.0023382696804366,0.28694952744822055,0.24203634253700107,136147908.5,2026-10-07,,,,45.5044195223,3.7625298225,0.0858284173,Unknown,94.16666666666667,,,2026-10-07,2026-10-07T16:17:42+07:00,VNSTOCK_SILVER
VIX,11.7,-0.13970588235294124,-0.20624151967435556,-0.3244803695150116,-0.5907660020986358,0.46141113385180016,374288996.0,2026-10-07,,,,5.5206601359,0.9364090524,0.1647517363,Unknown,97.5,,,2026-10-07,2026-10-07T16:17:42+07:00,VNSTOCK_SILVER
VIP,10.35,0.06153846153846154,0.009756097560975618,-0.03899721448467963,-0.1537203597710548,0.13783045705771535,642182.35,2026-10-07,,,,13.024396485,0.5624441302,0.0417305902,Unknown,45.0,,,2026-10-07,2026-10-07T16:17:42+07:00,VNSTOCK_SILVER
VID,4.15,-0.03712296983758678,-0.1094420600858369,-0.15306122448979587,-0.20952380952380945,0.5983286748582723,7689.25,2026-10-07,,,,-14.7888443828,0.357175722,-0.0236861207,Unknown,2.5,,,2026-10-07,2026-10-07T16:17:42+07:00,VNSTOCK_SILVER
VIC,230.0,-0.07145740815502621,0.03139013452914807,0.38972809667673713,1.6062322946175636,0.3909023876842483,850412909.0,2026-10-07,,,,84.3055519185,10.5308665362,0.1390387041,Unknown,100.0,,,2026-10-07,2026-10-07T16:17:42+07:00,VNSTOCK_SILVER
VIB,13.9,0.014598540145985384,-0.04598490048043924,-0.0879265091863517,-0.1871345029239767,0.23306317431264503,58727461.75,2026-10-07,,,,6.7829448923,1.0541387472,0.1568967032,Unknown,85.0,,,2026-10-07,2026-10-07T16:17:42+07:00,VNSTOCK_SILVER
BSI,24.85,-0.12190812720848054,-0.2786647314949202,-0.2626112759643917,-0.39212328767123283,0.35871253421181043,6734503.5,2026-10-07,,,,12.9351686271,1.1870147996,0.0938684501,Unknown,66.66666666666666,,,2026-10-07,2026-10-07T16:17:42+07:00,VNSTOCK_SILVER
BRC,11.0,0.01851851851851838,-0.009900990099009799,-0.033391915641476366,-0.08789386401326704,0.22458357030864606,12896.5,2026-10-05,,,,6.1484092423,0.6302634854,0.1041022488,Unknown,7.5,,,2026-10-05,2026-10-07T16:17:42+07:00,VNSTOCK_SILVER
BMP,142.7,0.01783166904422262,-0.02327173169062291,0.05305881484761277,0.11258381412755347,0.2179539753899857,8986928.5,2026-10-07,,,,9.0533428377,4.073006345,0.4255956434,Unknown,70.0,,,2026-10-07,2026-10-07T16:17:42+07:00,VNSTOCK_SILVER
BMI,13.85,-0.007168458781361964,0.03281133482475762,-0.09180327868852456,-0.2744892613933997,0.2603002890894722,1032269.0,2026-10-07,,,,6.8585174726,0.6604184057,0.0998215069,Unknown,50.83333333333333,,,2026-10-07,2026-10-07T16:17:42+07:00,VNSTOCK_SILVER
BMC,10.55,-0.040909090909090895,-0.15261044176706817,-0.21561338289962817,-0.3848396501457725,0.29560852444373026,113446.25,2026-10-07,,,,13.601693702,0.5332349379,0.0395311568,Unknown,31.666666666666664,,,2026-10-07,2026-10-07T16:17:42+07:00,VNSTOCK_SILVER
BKG,1.65,-0.1361256544502618,-0.2857142857142858,-0.3653846153846154,-0.467741935483871,0.2695150299351316,261741.35,2026-10-07,,,,21.2032274658,0.1574286896,0.00743922,Unknown,39.166666666666664,,,2026-10-07,2026-10-07T16:17:42+07:00,VNSTOCK_SILVER
BID,34.5,-0.05219780219780212,-0.09042973899288165,-0.07704654895666141,-0.05271828665568379,0.24885132584053196,136107744.75,2026-10-07,,,,8.1415074914,1.3940791048,0.1765163382,Unknown,93.33333333333333,,,2026-10-07,2026-10-07T16:17:42+07:00,VNSTOCK_SILVER
BIC,20.8,0.0216110019646365,-0.036144578313252906,-0.06474820143884885,-0.2006149116064565,0.2210402612189962,675776.2,2026-10-07,,,,10.1847081237,1.2827438782,0.1307971334,Unknown,46.666666666666664,,,2026-10-07,2026-10-07T16:17:42+07:00,VNSTOCK_SILVER
BHN,27.25,-0.043188202247191,0.043261868300153106,0.018310911808669506,-0.10597112860892388,0.3107099260636091,43511.85,2026-10-06,,,,10.6651482212,1.2983079068,0.1244455012,Unknown,19.166666666666668,,,2026-10-06,2026-10-07T16:17:42+07:00,VNSTOCK_SILVER
BFC,59.0,0.2526539278131634,0.1278914165551519,0.08336393683437393,0.5404699738903396,0.3252518910606343,10856087.5,2026-10-07,,,,12.9653844071,2.2464443274,0.1817495968,Unknown,71.66666666666667,,,2026-10-07,2026-10-07T16:17:42+07:00,VNSTOCK_SILVER
BCM,38.5,-0.06779661016949146,-0.20944558521560575,-0.3063063063063063,-0.41014248506204987,0.4942982191996253,21098898.25,2026-10-07,,,,20.28339329,1.8043302537,0.0885215783,Unknown,80.0,,,2026-10-07,2026-10-07T16:17:42+07:00,VNSTOCK_SILVER
BCE,5.0,-0.11032028469750887,-0.3694829760403531,-0.4541484716157206,-0.44690265486725655,0.3749150917436711,173407.7,2026-10-07,,,,3.1822820723,0.5075142629,0.1548190351,Unknown,35.0,,,2026-10-07,2026-10-07T16:17:42+07:00,VNSTOCK_SILVER
BAF,31.5,-0.01869158878504673,0.048252911813643884,0.05633802816901401,0.09641489731987463,0.1393774378241335,50976942.0,2026-10-07,,,,121.458189623,2.6011803844,0.0220282014,Unknown,84.16666666666667,,,2026-10-07,2026-10-07T16:17:42+07:00,VNSTOCK_SILVER
AST,62.0,-0.044684129429892194,0.0,0.13886847905951516,0.09890109890109877,0.3190311765787915,898121.5,2026-10-07,,,,10.7672863737,4.6522641667,0.4713111051,Unknown,49.166666666666664,,,2026-10-07,2026-10-07T16:17:42+07:00,VNSTOCK_SILVER
ASP,15.75,0.16666666666666674,0.7194323144104804,1.625,2.3582089552238803,0.48731845034128185,3352250.75,2026-10-07,,,,4.2769648091,1.2589285016,0.352391627,Unknown,60.0,,,2026-10-07,2026-10-07T16:17:42+07:00,VNSTOCK_SILVER
ASM,4.77,-0.09829867674858228,-0.22690437601296598,-0.19696969696969713,-0.38372093023255827,0.21735085511967014,651916.95,2026-10-07,,,,13.7561451478,0.3485683396,0.0256797584,Unknown,45.83333333333333,,,2026-10-07,2026-10-07T16:17:42+07:00,VNSTOCK_SILVER
CLL,27.15,-0.010928961748633892,-0.014876632801161138,-0.0014711290915778719,-0.04334038054968292,0.12942436510463065,81353.75,2026-10-07,,,,9.385487128,1.6143645489,0.1625552665,Unknown,26.666666666666668,,,2026-10-07,2026-10-07T16:17:42+07:00,VNSTOCK_SILVER
CLC,54.0,0.0344827586206895,0.09223300970873782,0.026615969581748944,0.150649904112508,0.25240638073923993,29013.5,2026-10-07,,,,6.9243591407,1.4925509962,0.2132112363,Unknown,15.833333333333332,,,2026-10-07,2026-10-07T16:17:42+07:00,VNSTOCK_SILVER
CKG,5.32,-0.07478260869565212,-0.16220472440944878,-0.39407744874715256,-0.584375,0.3101546669146521,98103.45,2026-10-07,,,,9.6370892656,0.43193971,0.0452010316,Unknown,28.333333333333332,,,2026-10-07,2026-10-07T16:17:42+07:00,VNSTOCK_SILVER
CII,12.0,-0.16376306620209058,-0.2569659442724458,-0.3924050632911392,-0.5102040816326531,0.4397461174001721,91095036.75,2026-10-07,,,,72.4706691524,0.8576403259,0.0119086651,Unknown,89.16666666666667,,,2026-10-07,2026-10-07T16:17:42+07:00,VNSTOCK_SILVER
CIG,6.9,-0.0625,-0.06504065040650397,0.10400000000000009,-0.24918389553862885,0.37155828561272486,695192.05,2026-10-07,,,,3.2272556396,0.8380571809,0.2928466869,Unknown,47.5,,,2026-10-07,2026-10-07T16:17:42+07:00,VNSTOCK_SILVER
CHP,26.45,0.017307692307692246,0.016916570549788457,0.009541984732824416,-0.022181146025878062,0.1282725439724898,189193.75,2026-10-07,,,,11.8560665381,2.0387786109,0.1729212576,Unknown,35.833333333333336,,,2026-10-07,2026-10-07T16:17:42+07:00,VNSTOCK_SILVER
CDC,20.9,0.08290155440414493,0.12365591397849451,0.2359550561797752,0.16111111111111098,0.2174775196091956,4088514.75,2026-10-07,,,,43.1524825022,1.9735785022,0.0373058021,Unknown,63.33333333333333,,,2026-10-07,2026-10-07T16:17:42+07:00,VNSTOCK_SILVER
CCL,3.25,-0.07932011331444755,-0.22248803827751196,-0.2857142857142857,-0.47580645161290325,0.23072782647345855,109508.7,2026-10-07,,,,19.5034340079,0.2954270919,0.0152047135,Unknown,30.833333333333336,,,2026-10-07,2026-10-07T16:17:42+07:00,VNSTOCK_SILVER
CCI,16.15,0.04193548387096757,-0.14775725593667555,-0.25712971481140756,-0.15312008390141596,0.6087644818512112,26080.25,2026-09-29,,,,7.0099483855,1.1417525543,0.139239303,Unknown,13.333333333333334,,,2026-09-29,2026-10-07T16:17:42+07:00,VNSTOCK_SILVER
CCC,5.9,-0.170182841068917,-0.23276983094928483,-0.3437152391546162,-0.6097883597883598,0.4441982685242361,18996.5,2026-10-07,,,,6.149560095,0.3886929259,0.0646579271,Unknown,10.833333333333334,,,2026-10-07,2026-10-07T16:17:42+07:00,VNSTOCK_SILVER
BWE,40.5,-0.03686087990487508,-0.0845388788426763,-0.050855401921724885,-0.12846998063266624,0.14594354062200096,2134219.75,2026-10-07,,,,8.1484911452,1.3885349411,0.1816721334,Unknown,58.333333333333336,,,2026-10-07,2026-10-07T16:17:42+07:00,VNSTOCK_SILVER
BVH,75.5,0.18897637795275601,0.27966101694915246,0.003989361702127603,0.4530408006158584,0.385963239175339,75085237.5,2026-10-07,,,,16.7708403372,2.1689815237,0.1329504039,Unknown,86.66666666666667,,,2026-10-07,2026-10-07T16:17:42+07:00,VNSTOCK_SILVER
BVB,10.85,-0.03812056737588654,-0.1974852071005917,-0.09280936454849509,-0.23049645390070927,0.27221257953215566,13729012.25,2026-10-07,,,,9.3662092444,0.9374102753,0.1024869413,Unknown,72.5,,,2026-10-07,2026-10-07T16:17:42+07:00,VNSTOCK_SILVER
BTT,39.5,0.03947368421052633,-0.027333169170155158,-0.027333169170155158,-0.027333169170155158,0.7068839366386758,23481.25,2026-10-07,,,,3.8676801229,1.1341688307,0.3137211305,Unknown,12.5,,,2026-10-07,2026-10-07T16:17:42+07:00,VNSTOCK_SILVER
BTP,7.4,0.012311901504788114,-0.09756097560975596,-0.11904761904761907,-0.29118773946360144,0.12975926278519637,270283.65,2026-10-07,,,,6.6843582261,0.4113383907,0.0619640702,Unknown,40.0,,,2026-10-07,2026-10-07T16:17:42+07:00,VNSTOCK_SILVER
BSR,31.75,0.16087751371115178,0.25892149088025374,0.22068435217224147,0.9905956112852665,0.42785024796988586,413491326.75,2026-10-07,,,,7.8254679288,2.0893733955,0.3047696256,Unknown,98.33333333333333,,,2026-10-07,2026-10-07T16:17:42+07:00,VNSTOCK_SILVER
CTR,70.3,-0.052560646900269625,-0.050000000000000044,-0.07887840670859536,-0.027393469839513074,0.23965157234426201,14874665.5,2026-10-07,,,,13.7582138371,4.0172584626,0.3015868965,Unknown,73.33333333333333,,,2026-10-07,2026-10-07T16:17:42+07:00,VNSTOCK_SILVER
CTI,15.35,-0.06686930091185406,-0.14864115363283426,-0.2602409638554217,-0.3210968597965502,0.20007927828641475,3740565.0,2026-10-07,,,,6.7622000325,0.6281888607,0.0961093493,Unknown,61.66666666666667,,,2026-10-07,2026-10-07T16:17:42+07:00,VNSTOCK_SILVER
CTG,29.75,-0.030944625407166138,-0.10364567640855671,-0.1344195519348268,-0.13341101077774542,0.25710647269944276,225993621.5,2026-10-07,,,,5.7614898442,1.163344226,0.2176080705,Unknown,96.66666666666667,,,2026-10-07,2026-10-07T16:17:42+07:00,VNSTOCK_SILVER
CTF,18.35,-0.13033175355450233,0.07624633431085037,0.013812154696132506,-0.08706467661691542,0.24371199390555556,5152469.5,2026-10-07,,,,154.3942638074,1.7440491643,0.0112083365,Unknown,64.16666666666667,,,2026-10-07,2026-10-07T16:17:42+07:00,VNSTOCK_SILVER
CTD,61.9,0.029950083194675514,-0.10029069767441856,-0.22440796892619974,-0.16272149330447727,0.3161263843295119,15709722.5,2026-10-07,,,,8.3456998069,0.6812773988,0.0833752168,Unknown,75.0,,,2026-10-07,2026-10-07T16:17:42+07:00,VNSTOCK_SILVER
CSV,20.1,-0.05633802816901401,-0.11061946902654862,-0.2897526501766784,-0.34098360655737703,0.3506670478761545,3509234.5,2026-10-07,,,,8.199501548,1.2621119163,0.1652671755,Unknown,60.83333333333333,,,2026-10-07,2026-10-07T16:17:42+07:00,VNSTOCK_SILVER
CSM,12.65,-0.03802281368821292,-0.11846689895470375,0.02016129032258074,-0.1394557823129251,0.2485487454365593,859950.5,2026-10-07,,,,23.5521918652,0.9454398127,0.0407775473,Unknown,48.333333333333336,,,2026-10-07,2026-10-07T16:17:42+07:00,VNSTOCK_SILVER
CRV,22.7,-0.14981273408239704,-0.18928571428571428,-0.23953098827470698,-0.2700964630225081,0.6450010232470378,35537.0,2026-09-29,,,,185.8355958722,2.0505164418,0.0112411505,Unknown,16.666666666666664,,,2026-09-29,2026-10-07T16:17:42+07:00,VNSTOCK_SILVER
CRE,6.42,0.011023622047244164,-0.06277372262773717,-0.18631178707224327,-0.37669902912621367,0.41633324002242594,1035623.4,2026-10-07,,,,54.3438639782,0.4875772908,0.0089871795,Unknown,52.5,,,2026-10-07,2026-10-07T16:17:42+07:00,VNSTOCK_SILVER
CRC,5.05,-0.03441682600382423,-0.15833333333333333,-0.45108695652173914,-0.47120418848167545,0.18566210169954936,1268353.65,2026-10-07,,,,7.7742518143,0.4343764289,0.0536315999,Unknown,55.833333333333336,,,2026-10-07,2026-10-07T16:17:42+07:00,VNSTOCK_SILVER
COM,24.9,-0.24545454545454548,-0.1985838429353074,-0.16048550236008097,-0.16048550236008097,0.7664706267362967,28316.75,2026-09-29,,,,7.6356936768,0.8221384335,0.1091067483,Unknown,15.0,,,2026-09-29,2026-10-07T16:17:42+07:00,VNSTOCK_SILVER
CNG,21.2,-0.036363636363636376,0.04433497536945796,-0.15873015873015872,-0.21771217712177127,0.33487586415907683,63802.25,2026-10-07,,,,9.5404013226,1.1777505793,0.1225149974,Unknown,24.166666666666668,,,2026-10-07,2026-10-07T16:17:42+07:00,VNSTOCK_SILVER
CMX,4.49,-0.026030368763557465,-0.18214936247723135,-0.2516666666666666,-0.346433770014556,0.2012721748616205,127698.95,2026-10-07,,,,6.5083459249,0.3600665006,0.0557315847,Unknown,32.5,,,2026-10-07,2026-10-07T16:17:42+07:00,VNSTOCK_SILVER
CMV,7.55,-0.02454780361757114,-0.14204545454545459,-0.1086186540731996,-0.05742821473158555,0.6848452227967599,16065.55,2026-10-06,,,,5.4834318792,0.4993927953,0.0943057947,Unknown,8.333333333333332,,,2026-10-06,2026-10-07T16:17:42+07:00,VNSTOCK_SILVER
CMG,20.5,-0.11255411255411263,-0.2407407407407407,-0.30390492359932086,-0.423995504355156,0.2842846626887513,3201955.5,2026-10-07,,,,12.0590641691,1.4244663532,0.1227218832,Unknown,59.166666666666664,,,2026-10-07,2026-10-07T16:17:42+07:00,VNSTOCK_SILVER
CLW,47.6,0.2347600518806745,0.09727985246657433,-0.028967768257853965,0.031195840554592902,0.7700104560461751,16695.25,2026-09-30,,,,9.972235036,2.4753440409,0.2377203067,Unknown,10.0,,,2026-09-30,2026-10-07T16:17:42+07:00,VNSTOCK_SILVER
DIG,9.3,-0.09268292682926826,-0.19689119170984448,-0.33045356371490275,-0.4986522911051213,0.40126823268633727,32048732.85,2026-10-07,,,,9.4188476913,0.7798567949,0.0804976213,Unknown,83.33333333333334,,,2026-10-07,2026-10-07T16:17:42+07:00,VNSTOCK_SILVER
DHM,6.98,-0.0028571428571427804,0.09062499999999996,0.04491017964071875,0.17508417508417518,0.49356235083394917,37182.4,2026-10-07,,,,26.2905027074,0.687577937,0.0253443084,Unknown,18.333333333333332,,,2026-10-07,2026-10-07T16:17:42+07:00,VNSTOCK_SILVER
DHG,89.4,-0.01422428051604363,0.014410529899012925,-0.0028998438545615457,-0.02550686723348583,0.09750333488418556,571639.7,2026-10-07,,,,12.1442587226,3.4229937172,0.2409441208,Unknown,44.166666666666664,,,2026-10-07,2026-10-07T16:17:42+07:00,VNSTOCK_SILVER
DHC,39.5,0.11676562058241458,0.2648094780659622,0.2575612862145813,0.35785493296665516,0.33891815661028707,16665181.4,2026-10-07,,,,7.6366193247,1.6692414125,0.237757921,Unknown,77.5,,,2026-10-07,2026-10-07T16:17:42+07:00,VNSTOCK_SILVER
DHA,53.1,0.023121387283236983,0.10624999999999996,0.21844882973841218,0.17425917735515273,0.3036073241395974,1032480.0,2026-10-07,,,,7.3596239801,1.4739015786,0.2120565844,Unknown,51.66666666666667,,,2026-10-07,2026-10-07T16:17:42+07:00,VNSTOCK_SILVER
DGW,47.2,0.15318837038846822,0.2533191715347851,0.08406063389986218,0.23560209424083767,0.4177789068264519,94985134.95,2026-10-07,,,,12.6266318901,2.8493566688,0.2380040657,Unknown,91.66666666666666,,,2026-10-07,2026-10-07T16:17:42+07:00,VNSTOCK_SILVER
DGC,33.15,-0.14185865907325923,-0.1342387046226169,-0.2896935933147633,-0.5438282647584973,0.4042348559661629,24946800.45,2026-10-07,,,,6.1310639119,0.8248525695,0.1375137248,Unknown,81.66666666666667,,,2026-10-07,2026-10-07T16:17:42+07:00,VNSTOCK_SILVER
DCM,34.2,0.04747320061255755,0.04268292682926855,-0.21361232467233848,0.036363636363636376,0.3282530837581982,106446022.5,2026-10-07,,,,6.8231201176,1.5562388972,0.2363630631,Unknown,92.5,,,2026-10-07,2026-10-07T16:17:42+07:00,VNSTOCK_SILVER
DCL,46.9,0.23421052631578942,0.237467018469657,0.17543859649122817,0.675,0.4270721569215309,77121700.5,2026-10-07,,,,-1521.6134276749,2.2860329315,-0.0015037494,Unknown,88.33333333333333,,,2026-10-07,2026-10-07T16:17:42+07:00,VNSTOCK_SILVER
DBT,13.2,0.0038022813688212143,0.09999999999999987,0.20547945205479445,0.1681415929203538,0.27321169798367984,58474.75,2026-10-05,,,,10.3667333106,1.0117853054,0.099846798,Unknown,23.333333333333332,,,2026-10-05,2026-10-07T16:17:42+07:00,VNSTOCK_SILVER
DBD,46.45,-0.0010752688172042113,-0.05685279187817249,-0.04187293729372921,-0.1022419791264012,0.15161070967980722,1062269.75,2026-10-07,,,,15.1732837778,2.537645112,0.1657757665,Unknown,53.333333333333336,,,2026-10-07,2026-10-07T16:17:42+07:00,VNSTOCK_SILVER
DBC,15.2,-0.08433734939759052,-0.12391930835734877,-0.28738865447726203,-0.35892028679881915,0.2899255444406947,18262262.5,2026-10-07,,,,5.6928121044,0.7715154595,0.1401766943,Unknown,79.16666666666666,,,2026-10-07,2026-10-07T16:17:42+07:00,VNSTOCK_SILVER
DAT,8.05,-0.028950542822677727,0.03205128205128216,-0.13811563169164875,0.07333333333333347,0.5854946546889118,26494.55,2026-10-05,,,,5.5482939295,0.5459609345,0.1022944303,Unknown,14.166666666666666,,,2026-10-05,2026-10-07T16:17:42+07:00,VNSTOCK_SILVER
DAH,2.34,0.03539823008849563,-0.2013651877133107,-0.2500000000000001,-0.41645885286783046,0.4197096499644106,206240.65,2026-10-07,,,,-3.0318132723,0.2372349609,-0.0768571307,Unknown,36.666666666666664,,,2026-10-07,2026-10-07T16:17:42+07:00,VNSTOCK_SILVER
CVT,26.5,-0.013035381750465591,0.031128404669260812,0.04743083003952564,-0.06854130052724072,0.5196504954458895,67864.0,2026-10-07,,,,19.8414154743,0.9263929909,0.0474742914,Unknown,25.0,,,2026-10-07,2026-10-07T16:17:42+07:00,VNSTOCK_SILVER
CTS,19.9,-0.09545454545454557,-0.28673835125448033,-0.09298085688240665,-0.34410019775873435,0.4166886870401902,21561222.25,2026-10-07,,,,14.6256438011,1.9235602746,0.1318323022,Unknown,80.83333333333333,,,2026-10-07,2026-10-07T16:17:42+07:00,VNSTOCK_SILVER
DTT,15.8,-0.005037783375314908,0.03200522534291306,-0.16402116402116396,-0.16402116402116396,0.4764134523849767,9072.75,2026-09-25,,,,7.0482688703,0.903652421,0.1298511116,Unknown,4.166666666666666,,,2026-09-25,2026-10-07T16:17:42+07:00,VNSTOCK_SILVER
DTL,11.0,0.0945273631840795,-0.009009009009009028,-0.11290322580645162,-0.05982905982905973,0.2161929975763004,5983.5,2026-10-06,,,,-3.9384154468,1.2906542747,-0.2873579245,Unknown,1.6666666666666667,,,2026-10-06,2026-10-07T16:17:42+07:00,VNSTOCK_SILVER
DTA,3.39,0.011940298507462588,-0.05833333333333335,-0.06353591160220995,-0.2516556291390729,0.47145644911639684,36363.5,2026-10-07,,,,9.5496686874,0.3197784643,0.0339179468,Unknown,17.5,,,2026-10-07,2026-10-07T16:17:42+07:00,VNSTOCK_SILVER
DSN,36.5,-0.012178619756427644,-0.024064171122994638,-0.015907252628741042,-0.09832015810276673,0.19788818048691117,104567.25,2026-10-07,,,,5.6771203492,1.2822551377,0.2254266433,Unknown,29.166666666666668,,,2026-10-07,2026-10-07T16:17:42+07:00,VNSTOCK_SILVER
DSE,21.65,-0.029147982062780353,-0.060737527114967604,-0.09414225941422594,-0.16312330885195214,0.1791924578785764,10446844.75,2026-10-07,,,,34.301218785,1.7042625875,0.0493360613,Unknown,70.83333333333334,,,2026-10-07,2026-10-07T16:17:42+07:00,VNSTOCK_SILVER
DSC,9.74,-0.07238095238095232,-0.25076923076923074,-0.24202334630350186,-0.41325301204819276,0.3031292904381747,138492.95,2026-10-07,,,,10.0683253478,0.862401861,0.0844486871,Unknown,33.33333333333333,,,2026-10-07,2026-10-07T16:17:42+07:00,VNSTOCK_SILVER
DRL,42.95,0.031212484993997647,0.012971698113207752,-0.028060647205249922,-0.13546698872785823,0.12934641723375614,232032.5,2026-10-07,,,,9.1128263545,3.1505420787,0.383052124,Unknown,37.5,,,2026-10-07,2026-10-07T16:17:42+07:00,VNSTOCK_SILVER
DRH,1.22,-0.2823529411764706,-0.3369565217391305,-0.5139442231075697,-0.49377593360995853,0.5853352867253864,235682.35,2026-10-07,,,,5.8946650664,0.1272833789,0.0215966105,Unknown,38.333333333333336,,,2026-10-07,2026-10-07T16:17:42+07:00,VNSTOCK_SILVER
DRC,9.8,-0.019999999999999907,-0.14782608695652166,-0.24731182795698914,-0.36651583710407243,0.1874725018957249,1215159.35,2026-10-07,,,,12.0842898585,0.7920636298,0.0647438386,Unknown,55.00000000000001,,,2026-10-07,2026-10-07T16:17:42+07:00,VNSTOCK_SILVER
DQC,9.4,0.0032017075773747017,0.009667024704618665,0.07551487414187652,-0.1577060931899641,0.35384767712030213,69034.0,2026-10-07,,,,15.5650083723,0.3373754571,0.0217477284,Unknown,25.833333333333336,,,2026-10-07,2026-10-07T16:17:42+07:00,VNSTOCK_SILVER
DPR,37.9,-0.01302083333333337,-0.014304291287386306,-0.06304079110012373,0.034106412005457054,0.20472944741126536,16575812.0,2026-10-07,,,,9.1369385522,1.2015017049,0.1361078737,Unknown,76.66666666666667,,,2026-10-07,2026-10-07T16:17:42+07:00,VNSTOCK_SILVER
DPM,21.65,-0.05043859649122817,-0.01186672752167972,-0.1942687011537031,-0.03863232682060391,0.28431083526348944,75837193.0,2026-10-07,,,,8.301892946,1.2969214405,0.1559598273,Unknown,87.5,,,2026-10-07,2026-10-07T16:17:42+07:00,VNSTOCK_SILVER
DPG,26.4,-0.04864864864864871,-0.21893491124260356,-0.3908629441624366,-0.40244454504300586,0.3724576868915587,7671882.0,2026-10-07,,,,7.4476932632,1.0550558416,0.1487475416,Unknown,67.5,,,2026-10-07,2026-10-07T16:17:42+07:00,VNSTOCK_SILVER
DMX,76.5,0.020000000000000018,-0.02286371184059277,-0.02286371184059277,-0.02286371184059277,0.29112052248282205,27955187.0,2026-10-07,,,,,,,Unknown,82.5,,,2026-10-07,2026-10-07T16:17:42+07:00,VNSTOCK_SILVER
DMC,53.3,-0.06834469498339457,-0.057304563141139075,-0.10869565217391308,-0.08639012684264669,0.3891948009203978,48449.4,2026-10-07,,,,8.1220428448,1.1087930993,0.1365435679,Unknown,21.666666666666668,,,2026-10-07,2026-10-07T16:17:42+07:00,VNSTOCK_SILVER
DLG,1.91,-0.11162790697674418,-0.2420634920634921,-0.35254237288135604,-0.3202846975088969,0.3190842685746147,963608.75,2026-10-07,,,,1.3873432247,0.5510099699,0.44859669,Unknown,50.0,,,2026-10-07,2026-10-07T16:17:42+07:00,VNSTOCK_SILVER
FMC,33.15,-0.007485029940119792,-0.033527696793002826,-0.0786548082267926,-0.04466858789625372,0.12857388206844453,491534.0,2026-10-07,,,,4.8362158486,0.9184343307,0.1938846423,Unknown,43.333333333333336,,,2026-10-07,2026-10-07T16:17:42+07:00,VNSTOCK_SILVER
FIT,2.9,-0.003436426116838587,-0.18309859154929575,-0.3208430913348945,-0.38166311300639666,0.27185178536446364,1296323.55,2026-10-07,,,,78.7492748163,0.2545679706,0.0032323061,Unknown,56.666666666666664,,,2026-10-07,2026-10-07T16:17:42+07:00,VNSTOCK_SILVER
FIR,2.47,-0.29428571428571426,-0.5089463220675945,-0.517578125,-0.6812903225806451,0.3649665919178885,365086.4,2026-10-07,,,,-13.6011724524,0.2365833457,-0.0174310958,Unknown,41.66666666666667,,,2026-10-07,2026-10-07T16:17:42+07:00,VNSTOCK_SILVER
FDC,22.65,0.10487804878048768,0.29428571428571426,0.4068322981366457,0.4068322981366457,0.8646912259351499,8727.0,2026-09-10,,,,4.313507896,1.2971124718,0.3253374426,Unknown,3.3333333333333335,,,2026-09-10,2026-10-07T16:17:42+07:00,VNSTOCK_SILVER
FCN,10.15,-0.09777777777777774,-0.10964912280701755,-0.26449275362318847,-0.37691835481890723,0.20543645967360555,7875571.0,2026-10-07,,,,20.8215072504,0.6201131787,0.0302180155,Unknown,68.33333333333333,,,2026-10-07,2026-10-07T16:17:42+07:00,VNSTOCK_SILVER
FCM,2.8,-0.07590759075907594,-0.12225705329153613,-0.12772585669781933,-0.23705722070844693,0.19656295433445967,97143.05,2026-10-07,,,,7.3552408142,0.2367864188,0.032015586,Unknown,27.500000000000004,,,2026-10-07,2026-10-07T16:17:42+07:00,VNSTOCK_SILVER
EVG,3.56,-0.13801452784503632,-0.3087378640776699,-0.4614220877458397,-0.5731414868105515,0.30282276499649974,1531885.25,2026-10-07,,,,8.6874765099,0.3441477419,0.0401782861,Unknown,57.49999999999999,,,2026-10-07,2026-10-07T16:17:42+07:00,VNSTOCK_SILVER
EVF,11.45,-0.04184100418410042,-0.10196078431372557,-0.1732851985559567,-0.1390977443609024,0.239155343432282,16869205.75,2026-10-07,,,,8.9950889285,0.8361778204,0.0964783918,Unknown,78.33333333333333,,,2026-10-07,2026-10-07T16:17:42+07:00,VNSTOCK_SILVER
EVE,8.5,0.017964071856287456,-0.05027932960893844,-0.09862142099681859,-0.16666666666666663,0.2858561704253258,106316.05,2026-10-07,,,,9.3114049065,0.3886715131,0.0407696357,Unknown,30.0,,,2026-10-07,2026-10-07T16:17:42+07:00,VNSTOCK_SILVER
ELC,11.7,-0.14598540145985406,-0.2552514322087843,-0.323699421965318,-0.4244958189867192,0.3698488185490496,6424613.75,2026-10-07,,,,10.1321860216,1.0497302714,0.1045314413,Unknown,65.0,,,2026-10-07,2026-10-07T16:17:42+07:00,VNSTOCK_SILVER
EIB,16.4,-0.020895522388059806,-0.1696202531645571,-0.28695652173913044,-0.3492063492063493,0.31201744036154305,67044404.75,2026-10-07,,,,62.1087385968,1.1533092546,0.0186539556,Unknown,85.83333333333333,,,2026-10-07,2026-10-07T16:17:42+07:00,VNSTOCK_SILVER
ECO,20.1,-0.07373271889400912,-0.28214285714285714,-0.3853211009174312,0.07832618025751081,0.5368106062665562,23061.5,2026-10-07,,,,22.9151831283,1.6281826839,0.0701981826,Unknown,11.666666666666666,,,2026-10-07,2026-10-07T16:17:42+07:00,VNSTOCK_SILVER
DXV,3.0,-0.16201117318435754,-0.23469387755102045,-0.22077922077922074,-0.25558312655086857,0.456623916061385,2115.15,2026-10-06,,,,27.0841871578,0.3020770586,0.0112163094,Unknown,0.8333333333333334,,,2026-10-06,2026-10-07T16:17:42+07:00,VNSTOCK_SILVER
DXS,5.04,-0.10320284697508897,-0.283072546230441,-0.3446033810143043,-0.5655172413793104,0.40375262559034497,8716785.35,2026-10-07,,,,12.1689251985,0.4372703064,0.0362563637,Unknown,69.16666666666667,,,2026-10-07,2026-10-07T16:17:42+07:00,VNSTOCK_SILVER
DXG,9.78,-0.13451327433628335,-0.18838174273858932,-0.2750185322461083,-0.4449489216799093,0.3918210999982754,93546254.8,2026-10-07,,,,63.2595264883,0.8784387441,0.013901165,Unknown,90.83333333333333,,,2026-10-07,2026-10-07T16:17:42+07:00,VNSTOCK_SILVER
DVP,76.2,0.02972972972972987,0.10884749708963914,0.17230769230769227,0.18710079451627992,0.12605227383678055,1067317.5,2026-10-07,,,,8.3105262729,2.393435945,0.2603136692,Unknown,54.166666666666664,,,2026-10-07,2026-10-07T16:17:42+07:00,VNSTOCK_SILVER
GVR,34.0,0.06750392464678168,0.11111111111111116,0.039755351681957096,0.29179331306990886,0.3860831435762629,91360556.75,2026-10-07,,,,18.7279512023,2.1687883424,0.1198390088,Unknown,90.0,,,2026-10-07,2026-10-07T16:17:42+07:00,VNSTOCK_SILVER
GTA,7.32,0.14375000000000004,-0.171945701357466,-0.22703273495248155,-0.21878335112059755,0.6913949950281708,12682.15,2026-10-07,,,,8.9431455906,0.4412031898,0.050390189,Unknown,6.666666666666667,,,2026-10-07,2026-10-07T16:17:42+07:00,VNSTOCK_SILVER
